"","ONTOLOGY","ID","Description","GeneRatio","BgRatio","RichFactor","FoldEnrichment","zScore","pvalue","p.adjust","qvalue","geneID","Count"
"GO:0001618","MF","GO:0001618","virus receptor activity","19/2054","79/18737",0.240506329113924,2.19394697595306,3.73136406525088,0.000722306762830964,0.0497966780022288,0.0458429988793646,"4340/26762/23601/7301/3673/8692/3690/59272/3678/3949/1604/5818/1969/6541/3685/558/949/30835/3356",19
"GO:0090208","BP","GO:0090208","positive regulation of triglyceride metabolic process","8/2006","22/18986",0.363636363636364,3.44167497507478,3.93854798760007,0.00125493759504871,0.049732519235707,0.0439152183896502,"344/6720/3949/57104/949/51099/2822/84879",8
"GO:0045124","BP","GO:0045124","regulation of bone resorption","12/2006","43/18986",0.27906976744186,2.64128544598762,3.70335963564104,0.00126117188928367,0.049732519235707,0.0439152183896502,"6696/7018/5166/101/952/4982/3690/1901/3635/7107/1445/53832",12
"GO:0043086","BP","GO:0043086","negative regulation of catalytic activity","73/2006","486/18986",0.150205761316872,1.42163837704992,3.23649041782315,0.00126347031987756,0.049732519235707,0.0439152183896502,"12/51129/124857/6590/5365/7076/5054/9052/4137/183/50859/4803/2913/5265/343035/11314/4504/1028/51050/7079/5806/341/8692/55861/7422/4057/5329/340267/5270/634/54206/11213/650/57732/1032/960/28951/5345/6272/26191/8996/89932/54922/51291/120892/8660/26086/9479/4851/274/1910/4092/64798/5580/25937/6478/221908/64114/64853/10999/375484/1974/11116/6879/4869/10653/7026/5770/84059/3434/6692/79886/9495",73
"GO:0046032","BP","GO:0046032","ADP catabolic process","21/2006","98/18986",0.214285714285714,2.02812989602621,3.50727613980601,0.00120193660350217,0.0496413561335594,0.0438347187970011,"54541/3099/3939/5214/8870/6521/5209/2027/3643/230/2584/2026/6774/7167/221937/5465/9611/4967/7351/3356/80201",21
"GO:0033690","BP","GO:0033690","positive regulation of osteoblast proliferation","6/2006","13/18986",0.461538461538462,4.36827977605645,4.17555061646603,0.00122772797833934,0.0496413561335594,0.0438347187970011,"30812/3690/4057/650/3685/3480",6
"GO:0060670","BP","GO:0060670","branching involved in labyrinthine layer morphogenesis","6/2006","13/18986",0.461538461538462,4.36827977605645,4.17555061646603,0.00122772797833934,0.0496413561335594,0.0438347187970011,"6768/133/2263/10653/6692/84870",6
"GO:1902042","BP","GO:1902042","negative regulation of extrinsic apoptotic signaling pathway via death domain receptors","10/2006","32/18986",0.3125,2.95768943170489,3.80952010118,0.00122858498977689,0.0496413561335594,0.0438347187970011,"5054/23017/4846/3162/85450/8682/3148/8837/64114/6423",10
"GO:0043434","BP","GO:0043434","response to peptide hormone","68/2006","446/18986",0.152466367713004,1.44303412632059,3.25425564751695,0.00123284997728439,0.0496413561335594,0.0438347187970011,"5105/286753/374/7076/3625/5166/114/183/2852/3690/133/10603/634/3718/54206/9518/5305/6720/10580/5140/7097/5791/23371/2887/6272/55532/64900/3643/6778/8660/7010/23516/11031/123041/1910/10768/5106/5580/10458/8837/6774/51043/6513/8892/3297/5829/3480/4644/5465/1445/23191/10999/6777/445/4641/5573/57727/79837/9847/5295/9365/5770/1407/2690/7351/80318/2822/3973",68
"GO:0006909","BP","GO:0006909","phagocytosis","41/2006","239/18986",0.171548117154812,1.62363537004051,3.33476873800626,0.00123626308940337,0.0496413561335594,0.0438347187970011,"6556/26762/134/2268/11314/7301/3673/5806/3690/64127/7052/8291/146722/54209/4481/23396/3601/5175/7097/135/22918/3949/4688/64005/2212/3689/5581/3685/11031/9844/558/949/5580/55647/23208/1445/25875/94134/196051/6441/335",41
"GO:0045335","CC","GO:0045335","phagocytic vesicle","26/2101","145/19960",0.179310344827586,1.70349094848102,2.91607925518257,0.00468825307201521,0.0491184668006516,0.0427447203165111,"6556/26253/101/388325/64127/4057/10312/7097/4688/7454/752/10435/3685/120892/11031/10392/55647/3106/23580/23208/9230/4641/6890/23682/7405/219972",26
"GO:0046031","BP","GO:0046031","ADP metabolic process","22/2006","104/18986",0.211538461538462,2.00212823069254,3.52223146016492,0.00111372276657104,0.0471300209811422,0.0416171389646723,"54541/3099/3939/5214/8870/6521/5209/2027/205/3643/230/2584/2026/6774/7167/221937/5465/9611/4967/7351/3356/80201",22
"GO:0042886","BP","GO:0042886","amide transport","53/2006","328/18986",0.161585365853659,1.52934185249131,3.3238585410628,0.00112102315487679,0.0471300209811422,0.0416171389646723,"4036/6563/8447/6279/134/3625/366/114/2696/2852/9024/952/91608/8170/240/8622/10312/6720/10815/4257/9501/57555/94121/5581/8660/56262/51092/415116/5106/80024/84876/51228/27445/2182/9463/2767/9230/6890/5573/9575/23410/5978/150/6567/5660/7351/84976/2822/6564/1363/30835/2350/2850",53
"GO:0006882","BP","GO:0006882","intracellular zinc ion homeostasis","11/2006","37/18986",0.297297297297297,2.81380183773005,3.7957663714562,0.00112645712858154,0.0471300209811422,0.0416171389646723,"6279/6280/4501/4489/4502/4504/4499/4493/55532/23516/540",11
"GO:0032589","CC","GO:0032589","neuron projection membrane","14/2101","62/19960",0.225806451612903,2.14521502817399,3.09764765220581,0.00441587646168362,0.0469876854751022,0.0408904349988137,"134/7399/4137/90249/2565/2852/2564/135/23136/3643/6711/4641/84059/9495",14
"GO:0035591","MF","GO:0035591","signaling adaptor activity","27/2054","128/18737",0.2109375,1.92421418573515,3.68143960949637,0.000608036393631579,0.0458200705428619,0.042182119908778,"50944/51225/10603/3059/29775/10580/55824/2887/6461/85358/120892/8660/29760/9479/274/9455/9846/139716/6774/5604/10019/148022/8312/2783/5295/9908/340061",27
"GO:0051020","MF","GO:0051020","GTPase binding","54/2054","316/18737",0.170886075949367,1.55885706186139,3.51551752123107,0.000625529973281391,0.0458200705428619,0.042182119908778,"51555/8408/23500/9501/81553/4688/7454/79890/4650/29941/752/94121/23258/54922/10435/221472/120892/84079/397/79778/274/8531/92154/64423/50855/7126/1855/9783/1955/23580/5216/9732/220441/4644/23062/664/115704/6711/23191/5906/4641/2783/9371/25782/64121/1434/9912/9910/23086/23329/10602/120379/128344/94122",54
"GO:0098862","CC","GO:0098862","cluster of actin-based cell projections","30/2101","173/19960",0.173410404624277,1.64744011247053,2.93350291533337,0.00419948834845397,0.045394469290431,0.0395039589002437,"4036/10083/7399/2028/59272/64078/286262/5205/64787/9780/51168/87/161497/1192/9455/10518/9732/10999/4641/2683/6550/10096/79784/84059/494513/51473/6564/10568/793/54084",30
"GO:0007188","BP","GO:0007188","adenylate cyclase-modulating G protein-coupled receptor signaling pathway","46/2006","274/18986",0.167883211678832,1.5889484830181,3.37516031994722,0.00103657454318249,0.0447296926372583,0.0394975812779013,"2861/53637/222487/134/114/2847/30817/9283/2696/2852/2913/118442/10149/57561/1903/5138/3690/115330/8698/133/1901/9289/80045/9630/5141/5140/135/333/2869/196883/64123/976/10163/2767/5573/150/5660/54331/2918/4886/9495/5733/3355/83873/4283/3973",46
"GO:0060294","BP","GO:0060294","cilium movement involved in cell motility","38/2006","215/18986",0.176744186046512,1.67281411579216,3.41014261333894,0.0010421279224524,0.0447296926372583,0.0394975812779013,"8632/221481/220004/11092/144535/64800/84223/79925/54585/55779/57639/56171/158787/93190/154865/27285/80217/642987/126820/164395/25911/257044/26074/64147/339829/79645/55329/339778/1768/146845/200373/84688/79846/345895/149465/440585/389799/202500",38
"GO:0019915","BP","GO:0019915","lipid storage","21/2006","97/18986",0.216494845360825,2.04903845165534,3.560202601127,0.00104665836022333,0.0447296926372583,0.0394975812779013,"29923/123/3690/54209/4481/6720/9641/3685/57104/949/6721/57674/5467/5465/6777/51099/79068/128486/84649/1407/335",21
"GO:0097733","CC","GO:0097733","photoreceptor cell cilium","23/2101","122/19960",0.188524590163934,1.79102847200006,3.00591665433613,0.00401019146676348,0.04455418815953,0.0387727149452282,"10083/7399/768206/343035/388531/23418/92211/5305/6094/9249/123041/10518/2767/55081/51098/6103/65062/4117/23322/4867/55764/167691/1069",23
"GO:0097545","CC","GO:0097545","axonemal doublet microtubule","12/2101","49/19960",0.244897959183673,2.32658889352981,3.1889059251844,0.00405632843743151,0.04455418815953,0.0387727149452282,"220004/11092/64800/158787/93190/27285/55329/339778/146845/84688/440585/389799",12
"GO:0019911","MF","GO:0019911","structural constituent of myelin sheath","6/2054","11/18737",0.545454545454545,4.97574577321413,4.62800716398784,0.000488089930694145,0.0427237737536663,0.0393316580721286,"5354/4336/4118/4155/51090/7851",6
"GO:0005520","MF","GO:0005520","insulin-like growth factor binding","8/2054","19/18737",0.421052631578947,3.84092656177933,4.34719047912637,0.000510352246204205,0.0427237737536663,0.0393316580721286,"4036/3690/3487/3643/3685/3655/3480/81621",8
"GO:0048708","BP","GO:0048708","astrocyte differentiation","20/2006","90/18986",0.222222222222222,2.10324581810125,3.6058738299266,0.000967923634182943,0.0425429474353456,0.0375666235347519,"5354/6900/4099/6279/6280/2670/30812/4137/9283/84630/5270/54209/650/135/3949/4851/274/6774/5604/6469",20
"GO:0072526","BP","GO:0072526","pyridine-containing compound catabolic process","22/2006","103/18986",0.213592233009709,2.0215663688546,3.57315309977871,0.000973456770183773,0.0425429474353456,0.0375666235347519,"54541/3099/3939/5214/8870/6521/5209/2027/3643/230/2584/2026/4860/6774/7167/221937/5465/9611/4967/7351/3356/80201",22
"GO:0001701","BP","GO:0001701","in utero embryonic development","63/2006","403/18986",0.156327543424318,1.47957863382557,3.34469374450942,0.000973947560056276,0.0425429474353456,0.0375666235347519,"6663/6768/7484/30812/55273/4846/338596/133/7262/284723/7422/650/1051/4242/80790/64359/7075/23462/9654/57662/57178/4851/8178/2648/8531/5045/80312/7048/5604/5335/728661/4678/157506/23250/8312/129685/83605/4154/92521/22846/9646/5930/2263/79718/705/90/4487/10653/27077/7026/23322/6692/86/64168/79583/10361/5932/55172/51176/10568/196051/84870/675",63
"GO:0060491","BP","GO:0060491","regulation of cell projection assembly","37/2006","207/18986",0.178743961352657,1.69174120151622,3.43949361678535,0.00097415741244231,0.0425429474353456,0.0375666235347519,"54443/5365/51225/23500/146206/26051/7454/1969/5205/64787/10435/3064/5580/5420/23613/221908/23580/10163/5216/115704/23191/4651/79647/79598/10096/8100/9912/5295/378/4117/5217/51626/23329/10602/55329/51473/158297",37
"GO:0060396","BP","GO:0060396","growth hormone receptor signaling pathway","9/2006","26/18986",0.346153846153846,3.27620983204233,3.99191903776362,0.000944175094080672,0.0424736811119147,0.0375054594158361,"3718/9518/6778/6774/5829/6777/5295/5770/2690",9
"GO:0031281","BP","GO:0031281","positive regulation of cyclase activity","10/2006","31/18986",0.32258064516129,3.05309876821149,3.93215579968014,0.000931936100523266,0.0422407097684144,0.0372997391429527,"57413/2696/4846/140/84876/6786/10487/9495/49/3973",10
"GO:0051896","BP","GO:0051896","regulation of phosphatidylinositol 3-kinase/protein kinase B signal transduction","47/2006","280/18986",0.167857142857143,1.5887017518872,3.41103205746899,0.000923546717307372,0.0421800000736642,0.0372461307687079,"2065/4922/9723/183/2268/55273/2852/101/5314/2046/7301/8692/2321/56917/7422/5270/26051/634/54209/9518/23396/4015/29062/3059/57091/5140/23533/3643/8660/7010/2149/114897/558/113791/10507/5777/5467/3480/10019/55615/5465/2137/8904/25827/5770/1524/6348",47
"GO:0043410","BP","GO:0043410","positive regulation of MAPK cascade","72/2006","472/18986",0.152542372881356,1.44375348530679,3.35555660109633,0.000889668099749734,0.0418313801130525,0.0369382895022583,"2861/134/353514/9283/2852/101/4504/2046/388325/3690/2321/2246/64127/388121/7422/10912/3487/54209/8622/2324/9518/64762/57007/7805/650/28996/960/23533/5345/1942/55532/26191/344558/285613/3643/54910/5581/152007/120892/60370/7010/2149/2081/114897/9479/4851/8837/50488/10392/5604/8567/3480/23328/5871/3340/84231/8312/5906/2263/150/9365/5770/2690/1687/50937/152110/146433/55765/8823/54550/3356/6348",72
"GO:0009154","BP","GO:0009154","purine ribonucleotide catabolic process","26/2006","129/18986",0.201550387596899,1.90759504432439,3.55510631363052,0.000895959623793257,0.0418313801130525,0.0369382895022583,"54541/3099/3939/5214/5138/8870/6521/5141/8622/5209/2027/27115/3643/230/2584/2026/4860/6774/7167/221937/5465/9611/4967/7351/3356/80201",26
"GO:0043254","BP","GO:0043254","regulation of protein-containing complex assembly","67/2006","433/18986",0.15473441108545,1.46450026364325,3.36066143919854,0.000903600087756317,0.0418313801130525,0.0369382895022583,"10382/10344/2670/4137/84722/4210/8408/84630/122060/822/7422/27124/256949/7111/342184/23500/146206/89848/1410/54209/9641/3059/54751/81553/57580/26191/23514/9168/57662/54922/10435/5581/9780/90952/84079/9026/93323/274/5580/10458/85464/91663/5526/1955/3297/23580/148022/51429/5216/8874/64853/54930/7067/6711/23191/23332/1452/27072/65082/26146/63908/25827/5217/64147/10602/84962/50632",67
"GO:0006096","BP","GO:0006096","glycolytic process","21/2006","96/18986",0.21875,2.07038260219342,3.61377077371047,0.000908921847684578,0.0418313801130525,0.0369382895022583,"54541/3099/3939/5214/8870/6521/5209/2027/3643/230/2584/2026/6774/7167/221937/5465/9611/4967/7351/3356/80201",21
"GO:0019867","CC","GO:0019867","outer membrane","41/2101","254/19960",0.161417322834646,1.53350298133247,2.93500142494538,0.00366206027170511,0.041564384083853,0.0361708760170171,"6663/3099/221481/597/4128/4504/1267/8408/5138/3162/85450/2309/4257/7316/120892/8165/1375/1717/10058/2182/2180/664/665/445/9868/54470/6843/25875/345778/340061/132671/79877/84987/670/84816/55750/64757/84303/79691/201164/91543",41
"GO:0001569","BP","GO:0001569","branching involved in blood vessel morphogenesis","11/2006","36/18986",0.305555555555556,2.89196299988922,3.90536117334776,0.000874031277004833,0.0415026121453961,0.0366479781059921,"9723/7422/4855/1282/4776/54567/7048/90/51176/6469/6423",11
"GO:0032232","BP","GO:0032232","negative regulation of actin filament bundle assembly","11/2006","36/18986",0.305555555555556,2.89196299988922,3.90536117334776,0.000874031277004833,0.0415026121453961,0.0366479781059921,"50944/1901/7454/85358/10395/395/84952/10163/5216/23332/5295",11
"GO:0030832","BP","GO:0030832","regulation of actin filament length","30/2006","156/18986",0.192307692307692,1.82011657335685,3.53520538209269,0.000852817479746859,0.0411484433977859,0.0363352371039855,"10344/822/256949/7111/342184/23500/146206/89848/3059/81553/7454/57580/9168/10435/5581/90952/9026/274/5580/10458/85464/91663/1955/23580/51429/5216/6711/23191/5217/10602",30
"GO:0098966","CC","GO:0098966","perisynaptic extracellular matrix","5/2101","11/19960",0.454545454545455,4.31828999177881,3.77575634816709,0.00344475648790632,0.0397606638688848,0.0346012114663918,"60484/63827/7143/3371/5803",5
"GO:0009261","BP","GO:0009261","ribonucleotide catabolic process","27/2006","135/18986",0.2,1.89292123629113,3.57861321663167,0.000816332226801717,0.0397082578288998,0.0350635125915089,"54541/3099/3939/5214/5138/8870/6521/5141/8622/5209/2027/27115/3643/230/2584/2026/4860/1806/6774/7167/221937/5465/9611/4967/7351/3356/80201",27
"GO:0120032","BP","GO:0120032","regulation of plasma membrane bounded cell projection assembly","37/2006","205/18986",0.180487804878049,1.70824599372614,3.50431891546804,0.000809609395959261,0.0397040411149529,0.0350597891140598,"54443/5365/51225/23500/146206/26051/7454/1969/5205/64787/10435/3064/5580/5420/23613/221908/23580/10163/5216/115704/23191/4651/79647/79598/10096/8100/9912/5295/378/4117/5217/51626/23329/10602/55329/51473/158297",37
"GO:0106027","BP","GO:0106027","neuron projection organization","21/2006","95/18986",0.221052631578947,2.09217610326914,3.66799656873235,0.000787076703951752,0.0389180158656474,0.0343657066301335,"11141/50944/51225/54209/1942/7804/3643/85358/120892/10458/1855/23613/3480/9463/9912/23316/80823/225/158866/5641/115703",21
"GO:0050866","BP","GO:0050866","negative regulation of cell activation","39/2006","219/18986",0.178082191780822,1.68547781313593,3.50687232754972,0.000777779902256586,0.0387869921669435,0.0342500090054962,"384/2268/1840/2852/4846/11314/7301/7056/64115/5270/634/146722/54209/3718/7805/55824/135/3949/1051/27242/26191/3566/2615/868/6693/114897/558/4092/5580/3635/51043/5777/10019/23208/5573/2302/3902/6441/6469",39
"GO:0032535","BP","GO:0032535","regulation of cellular component size","58/2006","361/18986",0.160664819944598,1.5206292479901,3.43270074826726,0.000777944018056698,0.0387869921669435,0.0342500090054962,"6900/6696/4099/10344/51334/7143/10083/4137/4504/8408/822/5865/3783/7422/256949/7111/342184/23500/146206/89848/51704/23108/3059/81553/7454/57580/79890/51393/6405/9168/10435/5581/85358/90952/56262/9026/274/64798/5580/10458/85464/91663/10507/1955/9990/79036/23580/51429/5216/6711/23191/57609/8799/5217/10602/1382/9856/2258",58
"GO:0072523","BP","GO:0072523","purine-containing compound catabolic process","30/2006","155/18986",0.193548387096774,1.8318592609269,3.57421715883894,0.000764554275760049,0.0387681699732418,0.0342333884771239,"54541/3099/3939/5214/5138/8870/6521/5141/8622/5209/2027/23417/27115/3643/230/2584/2026/4860/1806/6774/7167/221937/5465/9611/128486/4967/7351/283927/3356/80201",30
"GO:0052548","BP","GO:0052548","regulation of endopeptidase activity","43/2006","248/18986",0.173387096774194,1.64104058791368,3.49262270748022,0.000764607062818408,0.0387681699732418,0.0342333884771239,"4155/9705/12/6279/6280/7076/5054/4137/112399/4210/58484/50859/91662/4803/2852/5265/84630/7422/4057/5329/64115/5270/4609/7805/1032/960/5345/1942/8996/10395/2149/9026/274/5045/6774/10392/83874/6478/5978/55081/1611/79886/5641",43
"GO:0007159","BP","GO:0007159","leukocyte cell-cell adhesion","67/2006","430/18986",0.155813953488372,1.47471770734309,3.42238922212277,0.000749545829782707,0.0386597646516374,0.0341376635179619,"3118/5105/6279/6280/384/1840/912/101/11314/51148/7704/23149/64127/64115/6402/3718/3678/240/2309/7805/5175/23308/55824/135/1051/960/1604/27242/3689/26191/3566/1326/2615/6541/868/6693/6461/57178/50512/4860/6793/4092/27/10318/10507/7048/23476/3654/51043/5777/80381/6484/5465/1445/6777/445/5573/6595/86/2302/3902/51176/30835/6441/1524/6469/6401",67
"GO:1903035","BP","GO:1903035","negative regulation of response to wounding","22/2006","101/18986",0.217821782178218,2.06159738605964,3.67674876269395,0.000737957190754778,0.0383930249763986,0.0339021248549037,"6696/7143/5054/89790/4846/22915/7056/5329/5270/634/240/5345/114897/5580/6774/5777/10019/2137/23332/9860/9856/55966",22
"GO:0031968","CC","GO:0031968","organelle outer membrane","41/2101","252/19960",0.162698412698413,1.54567363991448,2.98996300554218,0.00317125550235691,0.0372349137431906,0.0324032095794363,"6663/3099/221481/597/4128/4504/1267/8408/5138/3162/85450/2309/4257/7316/120892/8165/1375/1717/10058/2182/2180/664/665/445/9868/54470/6843/25875/345778/340061/132671/79877/84987/670/84816/55750/64757/84303/79691/201164/91543",41
"GO:0002177","CC","GO:0002177","manchette","8/2101","25/19960",0.32,3.04007615421228,3.50075816601632,0.00310832326783252,0.0371362832525253,0.0323173776507794,"8100/84223/79925/54585/200373/84688/65975/286187",8
"GO:0007389","BP","GO:0007389","pattern specification process","73/2006","476/18986",0.153361344537815,1.45150472950895,3.42897637576403,0.00070676324694749,0.0370926711095336,0.0327538756826357,"4036/7704/7093/2246/56917/9355/9289/23500/3911/650/28996/4242/57453/8553/6911/6405/649/2114/55502/23462/9645/22856/54567/1952/5362/4851/2648/5046/7048/1855/64853/4213/8312/9371/83852/23314/2263/55081/284086/90/4487/51098/199221/129880/83538/84100/57619/7026/23322/55764/51626/7547/2926/55130/25911/58524/339829/55329/50937/84976/146845/2302/128344/161582/201164/64446/55172/4488/51176/5013/6469/6423/343930",73
"GO:0005604","CC","GO:0005604","basement membrane","19/2101","92/19960",0.206521739130435,1.96200567017776,3.17211056572014,0.00300486375580978,0.0365412896019011,0.0317995920022727,"7076/7399/3371/340267/3911/333/1284/1282/285613/79812/6693/1955/977/3912/59277/1296/7045/158326/4147",19
"GO:0045762","BP","GO:0045762","positive regulation of adenylate cyclase activity","9/2006","25/18986",0.36,3.40725822532403,4.1396534582919,0.000680627975323677,0.0360371431536421,0.0318218147009738,"57413/2696/140/84876/6786/10487/9495/49/3973",9
"GO:0031646","BP","GO:0031646","positive regulation of nervous system process","11/2006","35/18986",0.314285714285714,2.97459051417177,4.01880491610551,0.000670272606878277,0.0358057232763636,0.0316174644165608,"6663/4099/118738/745/5129/7143/1143/3673/3687/7133/57555",11
"GO:0016358","BP","GO:0016358","dendrite development","42/2006","239/18986",0.175732217573222,1.66323623272442,3.54652664209663,0.000661934267645106,0.0356788533632493,0.0315054347018567,"2861/56896/11141/114788/1136/9201/50944/26050/51225/120114/57580/1942/7804/57555/1608/4776/1952/85358/120892/84079/7533/10458/50488/80312/10507/1855/23613/23191/9912/3066/4139/23316/378/4135/84816/80823/84879/158866/9856/51473/4147/115703",42
"GO:0062023","CC","GO:0062023","collagen-containing extracellular matrix","64/2101","430/19960",0.148837209302326,1.41398890893594,2.97663551416574,0.00278449758297796,0.0344771428001453,0.0300032945304611,"60484/12/51129/10631/6590/63827/6279/6280/7076/7143/5054/7399/183/10418/5265/3371/389084/57642/22915/10085/56999/5803/150356/7052/340267/5270/3911/9518/4015/51162/4256/333/5345/1284/1282/285613/6275/7450/5352/79812/161198/6693/5046/1512/1955/977/308/2263/3912/2239/5660/59277/1296/50937/2162/1297/7045/90187/158326/4147/81621/6469/335/6423",64
"GO:0008017","MF","GO:0008017","microtubule binding","50/2054","280/18737",0.178571428571429,1.62896439004034,3.72071239384924,0.000348081614053398,0.0339959709725485,0.0312968117898888,"6279/6280/118611/4137/84722/3800/23255/9832/342184/1410/4600/25777/57662/11104/120892/90990/84501/93323/9448/54820/256364/29911/23095/6786/54930/10844/51199/23332/83473/63971/27072/9371/11092/26146/9702/79884/151393/4135/65055/55259/56890/64147/84142/3832/80129/1069/440585/2258/23281/158297",50
"GO:0030246","MF","GO:0030246","carbohydrate binding","50/2054","280/18737",0.178571428571429,1.62896439004034,3.72071239384924,0.000348081614053398,0.0339959709725485,0.0312968117898888,"6900/4099/63827/8972/3099/26253/8778/89790/112399/26290/27036/27181/27180/11226/23601/5806/114805/6402/5507/1272/283208/59271/22918/3824/6518/5818/374378/5352/161198/8974/5033/2584/4122/5836/2548/131544/221120/2589/2591/1297/158326/648791/89792/30835/6441/49/80201/85329/165530/6401",50
"GO:0031091","CC","GO:0031091","platelet alpha granule","19/2101","91/19960",0.208791208791209,1.98356617204785,3.22544857044574,0.0026392791370979,0.0335011566193524,0.0291539549836856,"5473/12/7076/5054/5265/22915/3690/7422/5270/3674/5175/5345/94121/7450/87/54863/10916/2162/5099",19
"GO:0036126","CC","GO:0036126","sperm flagellum","36/2101","212/19960",0.169811320754717,1.61324795919284,3.07890528746578,0.00265647937950812,0.0335011566193524,0.0291539549836856,"8632/220004/5906/11092/64800/8100/85452/6103/84223/79925/11020/57639/158787/93190/154865/27285/642987/84288/257044/64147/55329/339778/146845/200373/84688/79846/149465/53340/440585/254956/343521/389799/64446/202500/84075/158297",36
"GO:0008064","BP","GO:0008064","regulation of actin polymerization or depolymerization","30/2006","153/18986",0.196078431372549,1.85580513361875,3.65311018545404,0.000611699970474195,0.0332709174849737,0.029379159347464,"10344/822/256949/7111/342184/23500/146206/89848/3059/81553/7454/57580/9168/10435/5581/90952/9026/274/5580/10458/85464/91663/1955/23580/51429/5216/6711/23191/5217/10602",30
"GO:0070371","BP","GO:0070371","ERK1 and ERK2 cascade","53/2006","319/18986",0.166144200626959,1.57248942826692,3.54427548816927,0.000582052214897742,0.0319487926764513,0.0282116858191382,"7018/91662/2852/5314/4504/388325/3690/2246/64127/388121/7422/399473/59272/634/54209/8622/2324/4609/64762/57007/1848/650/960/5345/1969/2887/55532/26191/154043/3685/152007/7010/2149/4851/8837/10392/678/10318/1512/5604/57447/5777/84231/1445/5906/23410/2263/5770/152110/1601/54550/3356/6348",53
"GO:0050796","BP","GO:0050796","regulation of insulin secretion","33/2006","173/18986",0.190751445086705,1.80538730628922,3.6576380474449,0.000562418140453822,0.0311569234660668,0.0275124429526095,"8447/3625/114/2696/2852/9024/952/240/8622/10312/6720/9501/57555/94121/5581/8660/56262/51092/415116/5106/80024/84876/2182/9463/2767/5573/9575/23410/5978/150/7351/2822/2850",33
"GO:1902904","BP","GO:1902904","negative regulation of supramolecular fiber organization","33/2006","173/18986",0.190751445086705,1.80538730628922,3.6576380474449,0.000562418140453822,0.0311569234660668,0.0275124429526095,"10382/50944/822/150356/1901/27124/256949/7111/146206/1410/54209/3949/7454/9168/85358/10395/9026/395/84952/5580/85464/91663/10163/5216/8874/9463/6711/23332/5295/5217/126820/26586/2258",33
"GO:0045446","BP","GO:0045446","endothelial cell differentiation","26/2006","125/18986",0.208,1.96863808574277,3.73453137213217,0.000545117037255417,0.030768256923577,0.0271692394238822,"60484/81575/55273/1903/5138/7422/1901/26051/634/4855/5175/7075/694/23462/25932/4851/1910/91663/2194/7132/83605/5906/11167/90/7026/2535",26
"GO:0160110","CC","GO:0160110","axonemal microtubule doublet inner sheath","12/2101","46/19960",0.260869565217391,2.47832295180349,3.44288749060397,0.00230095498771354,0.0301336605121715,0.0262234343741442,"220004/11092/64800/158787/93190/27285/55329/339778/146845/84688/440585/389799",12
"GO:0005381","MF","GO:0005381","iron ion transmembrane transporter activity","6/2054","10/18737",0.6,5.47332035053554,4.96475108080747,0.000244581726699172,0.0286649783691429,0.0263890810385948,"6556/57348/51312/23516/30061/255231",6
"GO:0030901","BP","GO:0030901","midbrain development","21/2006","92/18986",0.228260869565217,2.16039923707139,3.83478760439347,0.000502103409159055,0.0286103304476059,0.0252637294292661,"5354/4155/4099/7484/6271/11240/3939/1267/84630/2648/1453/7533/57447/3340/2263/64426/4487/8323/5013/6469/6423",21
"GO:0060076","CC","GO:0060076","excitatory synapse","16/2101","70/19960",0.228571428571429,2.17148296729449,3.36760738841521,0.00212712714136962,0.0284034035935825,0.0247177003217976,"81832/3765/114/26045/50944/6334/6272/57555/7533/10458/23208/23191/1108/2263/64101/9495",16
"GO:0032288","BP","GO:0032288","myelin assembly","9/2006","24/18986",0.375,3.54922731804586,4.29510747676933,0.000480319115104927,0.0276322044776229,0.0244000165861501,"4336/4099/7368/1272/287/7097/23136/54468/20",9
"GO:0097061","BP","GO:0097061","dendritic spine organization","20/2006","85/18986",0.235294117647059,2.2269661603425,3.89674134078573,0.00044563136406877,0.0268604774933019,0.0237185598738324,"11141/50944/51225/54209/1942/7804/3643/85358/120892/10458/1855/23613/3480/9463/9912/23316/80823/158866/5641/115703",20
"GO:0018212","BP","GO:0018212","peptidyl-tyrosine modification","38/2006","206/18986",0.184466019417476,1.74589822764716,3.6997068490485,0.000449088350596013,0.0268604774933019,0.0237185598738324,"374/353514/9052/2268/84630/8692/3690/2321/64127/7422/51704/54209/3718/3678/54206/2324/3059/57091/5175/57732/1942/3689/3643/285489/5580/27/5526/10507/5777/3480/2263/1489/90/5770/2690/146433/3356/6423",38
"GO:0003002","BP","GO:0003002","regionalization","68/2006","430/18986",0.158139534883721,1.49672841939298,3.58107136632257,0.000455188701067591,0.0268604774933019,0.0237185598738324,"4036/7704/7093/2246/9355/9289/23500/3911/650/28996/57453/8553/6911/6405/649/2114/55502/23462/9645/22856/54567/1952/5362/4851/2648/5046/7048/1855/64853/8312/9371/83852/2263/55081/284086/90/4487/51098/199221/129880/83538/84100/7026/23322/55764/51626/7547/2926/55130/25911/58524/339829/55329/50937/84976/146845/2302/128344/161582/201164/64446/55172/4488/51176/5013/6469/6423/343930",68
"GO:0070613","BP","GO:0070613","regulation of protein processing","17/2006","67/18986",0.253731343283582,2.40146724007083,3.94978253614954,0.000461465307139023,0.0268604774933019,0.0237185598738324,"6900/7850/5054/58484/10418/101/3249/5992/5329/5270/5345/8996/85409/120892/5045/51098/4323",17
"GO:0051345","BP","GO:0051345","positive regulation of hydrolase activity","55/2006","331/18986",0.166163141993958,1.5726687008461,3.61261549017998,0.000462415039580495,0.0268604774933019,0.0237185598738324,"4155/9705/5923/10344/6279/6280/344/4137/112399/4210/58484/91662/4803/2852/338328/84630/11033/7052/64115/4609/7805/650/1969/1942/10395/2149/3655/64411/9026/9448/395/92154/5580/6774/10392/29/10507/1512/83874/51429/8874/115704/10999/5906/2263/5978/55081/9912/1611/5660/23329/2822/2302/5641/335",55
"GO:0005875","CC","GO:0005875","microtubule associated complex","29/2101","157/19960",0.184713375796178,1.75482102850629,3.25673311199529,0.00186044791313364,0.0257017057165934,0.0223665821445894,"8632/3800/4210/84630/8682/7804/11104/90990/93323/54820/5829/23095/54930/83473/63971/9371/93233/56171/55259/51626/126820/64147/3832/1768/85478/200132/201625/343521/64446",29
"GO:0005901","CC","GO:0005901","caveola","18/2101","82/19960",0.219512195121951,2.08541809359074,3.3780921047308,0.0018870562200142,0.0257017057165934,0.0223665821445894,"114/4846/3991/7223/10580/8436/7804/3643/26509/10395/120892/2149/949/7048/6513/3480/3356/6401",18
"GO:0035720","BP","GO:0035720","intraciliary anterograde transport","8/2006","19/18986",0.421052631578947,3.98509733956027,4.47443185161235,0.000396287823220294,0.0241937759829288,0.0213637871615753,"26146/55081/51098/8100/11020/79989/55764/150737",8
"GO:0048710","BP","GO:0048710","regulation of astrocyte differentiation","11/2006","33/18986",0.333333333333333,3.15486872715188,4.25834387500034,0.000379274555848346,0.0240101812645926,0.0212016678425698,"6900/4099/9283/84630/5270/54209/650/3949/4851/274/6469",11
"GO:0071375","BP","GO:0071375","cellular response to peptide hormone stimulus","54/2006","321/18986",0.168224299065421,1.59217674080562,3.67783114826784,0.000381738735323568,0.0240101812645926,0.0212016678425698,"5105/286753/3625/5166/114/183/2852/3690/10603/634/3718/9518/5305/6720/10580/5140/5791/23371/2887/55532/64900/3643/6778/8660/23516/11031/10768/5106/5580/10458/8837/6774/51043/3297/5829/3480/4644/1445/23191/10999/6777/445/4641/5573/57727/79837/9847/5295/5770/2690/7351/80318/2822/3973",54
"GO:0007613","BP","GO:0007613","memory","27/2006","129/18986",0.209302325581395,1.98096408449071,3.84249741338522,0.000388236819656595,0.0240101812645926,0.0212016678425698,"25769/5923/81832/4137/114/1827/64478/50944/54209/3678/55450/3949/123803/3643/4776/85358/2648/23152/55902/23208/23316/56924/5641/2258/3356/1524/793",27
"GO:2000177","BP","GO:2000177","regulation of neural precursor cell proliferation","23/2006","103/18986",0.223300970873786,2.11345574925708,3.89455642161086,0.000389267521755889,0.0240101812645926,0.0212016678425698,"60484/6663/4036/63827/9283/407738/5803/57165/7422/9355/9289/2309/54567/120892/4851/10653/6567/6692/50937/51286/80237/1524/6469",23
"GO:0001539","BP","GO:0001539","cilium or flagellum-dependent cell motility","40/2006","218/18986",0.18348623853211,1.73662498742305,3.75982488700169,0.000361362513230241,0.0240057255956003,0.02119773336107,"8632/221481/220004/11092/144535/64800/84223/79925/54585/55779/57639/56171/158787/93190/154865/27285/80217/642987/126820/164395/25911/257044/26074/64147/339829/79645/55329/339778/1768/146845/200373/84688/85478/79846/345895/149465/440585/389799/55172/202500",40
"GO:0060285","BP","GO:0060285","cilium-dependent cell motility","40/2006","218/18986",0.18348623853211,1.73662498742305,3.75982488700169,0.000361362513230241,0.0240057255956003,0.02119773336107,"8632/221481/220004/11092/144535/64800/84223/79925/54585/55779/57639/56171/158787/93190/154865/27285/80217/642987/126820/164395/25911/257044/26074/64147/339829/79645/55329/339778/1768/146845/200373/84688/85478/79846/345895/149465/440585/389799/55172/202500",40
"GO:0018108","BP","GO:0018108","peptidyl-tyrosine phosphorylation","38/2006","204/18986",0.186274509803922,1.76301487693781,3.76598940147749,0.000368211347881911,0.0240057255956003,0.02119773336107,"374/353514/9052/2268/84630/8692/3690/2321/64127/7422/51704/54209/3718/3678/54206/2324/3059/57091/5175/57732/1942/3689/3643/285489/5580/27/5526/10507/5777/3480/2263/1489/90/5770/2690/146433/3356/6423",38
"GO:0048714","BP","GO:0048714","positive regulation of oligodendrocyte differentiation","10/2006","28/18986",0.357142857142857,3.38021649337701,4.33212658832107,0.000370631900440105,0.0240057255956003,0.02119773336107,"84504/10215/118738/745/5803/7133/7097/3066/146433/6469",10
"GO:0045859","BP","GO:0045859","regulation of protein kinase activity","68/2006","427/18986",0.159250585480094,1.50724407573532,3.64380860597816,0.000373145993713994,0.0240057255956003,0.02119773336107,"353514/9052/114/84722/183/2268/1136/11314/4504/1028/414194/84630/8692/55861/3690/641/2321/2246/4057/51704/634/54206/11213/29775/57091/650/57732/1032/28951/23533/1942/26191/23531/3643/54922/896/285489/120892/2081/9479/3064/64798/5580/25937/29990/5604/51429/23328/5871/219771/64853/10645/8312/5906/11116/6879/4869/5716/55181/51191/143384/150/7405/7026/5770/2690/152110/146433",68
"GO:0045761","BP","GO:0045761","regulation of adenylate cyclase activity","13/2006","43/18986",0.302325581395349,2.86139256648659,4.20000440122144,0.000341480045420417,0.0232167626335267,0.0205010567938406,"57413/2696/2913/140/2788/1910/84876/6786/10487/84059/9495/49/3973",13
"GO:0031994","MF","GO:0031994","insulin-like growth factor I binding","7/2054","13/18737",0.538461538461538,4.91195416073702,4.95071243386147,0.000177457499092718,0.0231089098818518,0.0212741446280744,"4036/3690/3487/3643/3685/3655/3480",7
"GO:0061687","BP","GO:0061687","detoxification of inorganic compound","9/2006","23/18986",0.391304347826087,3.70354154926525,4.45908104674671,0.000331060578609475,0.022960315682612,0.0202746068969149,"6556/4501/4489/4502/4504/4499/4493/55532/10058",9
"GO:0008154","BP","GO:0008154","actin polymerization or depolymerization","37/2006","196/18986",0.188775510204082,1.78668586078499,3.80511610044027,0.000333870543939035,0.022960315682612,0.0202746068969149,"10344/11170/822/256949/7111/342184/23500/146206/89848/3059/81553/7454/57580/9168/9645/10435/57553/5581/90952/79778/84501/9026/274/395/5580/64423/10458/85464/91663/1955/23580/51429/5216/6711/23191/5217/10602",37
"GO:0019318","BP","GO:0019318","hexose metabolic process","43/2006","238/18986",0.180672268907563,1.70999187312014,3.7884914011165,0.00031435059480877,0.0221265836322455,0.0195383979609315,"5105/3099/5166/10993/5210/5214/5163/4837/3487/54206/5209/10580/2027/23417/3643/230/8660/2584/23516/2026/114897/2648/5106/7167/55657/4122/5467/200186/221937/10295/5465/2548/2683/55276/7355/89944/79411/1407/2822/8789/4886/648791/80201",43
"GO:0031345","BP","GO:0031345","negative regulation of cell projection organization","36/2006","188/18986",0.191489361702128,1.81237139644895,3.84750902876774,0.000300085142059384,0.0214801125851958,0.0189675457770873,"6696/56896/4099/5365/7143/2670/4504/952/8408/51225/27124/120114/3601/25987/26035/1942/6911/6405/23258/4776/120892/7533/5580/115704/57609/79598/9912/3066/9860/4117/5770/5217/23329/1601/9856/2258",36
"GO:0009799","BP","GO:0009799","specification of symmetry","30/2006","147/18986",0.204081632653061,1.93155228192972,3.89707622488761,0.000301576041644066,0.0214801125851958,0.0189675457770873,"23500/6911/9645/4851/5046/7048/1855/64853/9371/83852/55081/284086/90/51098/129880/83538/84100/23322/51626/7547/55130/25911/339829/84976/146845/2302/161582/64446/55172/6469",30
"GO:0009855","BP","GO:0009855","determination of bilateral symmetry","30/2006","147/18986",0.204081632653061,1.93155228192972,3.89707622488761,0.000301576041644066,0.0214801125851958,0.0189675457770873,"23500/6911/9645/4851/5046/7048/1855/64853/9371/83852/55081/284086/90/51098/129880/83538/84100/23322/51626/7547/55130/25911/339829/84976/146845/2302/161582/64446/55172/6469",30
"GO:0035869","CC","GO:0035869","ciliary transition zone","17/2101","74/19960",0.22972972972973,2.18248710395307,3.49536394434938,0.00147895058498889,0.0209826114245298,0.0182598504243145,"7399/26146/55081/84747/51098/27077/65062/91147/4117/23322/4867/55764/167691/51626/200728/79583/1069",17
"GO:0043491","BP","GO:0043491","phosphatidylinositol 3-kinase/protein kinase B signal transduction","54/2006","317/18986",0.170347003154574,1.61226729904922,3.77843616970317,0.000278140959506756,0.0205446587744312,0.018141513655158,"4036/2065/4922/9723/183/2268/55273/2852/101/5314/2046/7301/8692/2321/56917/7422/5270/2214/26051/634/54209/54206/9518/23396/4015/29062/3059/57091/5140/23533/3643/8660/7010/2149/114897/558/5287/9846/6774/113791/10507/5777/5467/3480/10019/55615/5465/2137/8904/5295/25827/5770/1524/6348",54
"GO:0030864","CC","GO:0030864","cortical actin cytoskeleton","18/2101","80/19960",0.225,2.13755354593051,3.4967332133733,0.00140354289944623,0.0203364407345294,0.0176975286089188,"54443/89848/57477/9780/10395/87/9026/92154/10518/91663/6513/51429/6711/10487/1915/57619/494513/793",18
"GO:0043177","MF","GO:0043177","organic acid binding","40/2054","199/18737",0.201005025125628,1.83360815763335,4.14818998693946,0.000106166759568397,0.0199274015021152,0.0183452366981032,"3048/4099/5105/6279/6280/8778/89790/112399/27036/27181/4846/27180/4902/4982/341/64127/3039/6402/283208/241/6256/5352/8974/5033/652968/5045/5467/5836/9057/221120/5095/54749/2946/7026/5660/2747/128/1382/2350/6401",40
"GO:0031406","MF","GO:0031406","carboxylic acid binding","38/2054","187/18737",0.203208556149733,1.85370920962879,4.11680594867151,0.000123022036608372,0.0199274015021152,0.0183452366981032,"4099/5105/6279/6280/8778/89790/112399/27036/27181/4846/27180/4902/4982/341/64127/6402/283208/241/6256/5352/8974/5033/652968/5045/5467/5836/9057/221120/5095/54749/2946/7026/5660/2747/128/1382/2350/6401",38
"GO:0005543","MF","GO:0005543","phospholipid binding","81/2054","494/18737",0.163967611336032,1.49574543992368,3.91810127161638,0.000136023218444472,0.0199274015021152,0.0183452366981032,"8448/8447/26762/79856/4137/219287/2215/11314/341/11033/822/7262/388121/79156/8291/146206/146722/54209/57586/23092/57732/2869/23263/57580/64005/285590/8436/5205/94121/23550/26509/54899/221472/64411/558/9026/274/92154/5287/64798/949/9846/26100/116987/22905/26207/51228/27445/51429/5216/9463/221749/23208/64853/23062/23174/6711/8904/4651/23710/308/139285/6643/55204/6550/9847/9765/9912/129880/4139/54749/84100/132671/5660/5217/23678/1687/115703/94122/6017/335",81
"GO:0101003","CC","GO:0101003","ficolin-1-rich granule membrane","15/2101","61/19960",0.245901639344262,2.33612409391312,3.58467621068822,0.00133038634654922,0.0196955022173917,0.0171397600253366,"2204/6556/8972/8778/101/11314/3687/10312/23114/22918/1604/3689/23218/23352/2548",15
"GO:0071276","BP","GO:0071276","cellular response to cadmium ion","10/2006","27/18986",0.37037037037037,3.50540969683542,4.47769847229176,0.000263008344418537,0.0196697365582013,0.0173689326399557,"6556/4501/4489/4502/4504/3162/4499/4493/3297/10058",10
"GO:0010720","BP","GO:0010720","positive regulation of cell development","73/2006","460/18986",0.158695652173913,1.50199185053535,3.74616304092477,0.000258000615607485,0.0195394643440454,0.017253898597388,"84504/60484/6663/4036/10215/4099/5105/118738/63827/5365/11141/745/2670/30812/4137/2852/101/7704/84630/5803/57165/7422/7052/64115/5270/54209/7133/2309/3059/3601/650/7097/8140/7804/51393/3566/6461/85358/57178/84079/5362/558/4851/4860/274/4092/10458/3635/10507/7048/23476/51043/5604/3297/23013/23191/6777/51199/6595/3066/23316/4135/4323/6692/86/80823/50937/1382/146433/51176/80237/1524/6469",73
"GO:0043549","BP","GO:0043549","regulation of kinase activity","73/2006","460/18986",0.158695652173913,1.50199185053535,3.74616304092477,0.000258000615607485,0.0195394643440454,0.017253898597388,"353514/9052/4137/114/84722/183/2268/1136/11314/4504/1028/414194/84630/8692/55861/3690/641/2321/2246/4057/56833/51704/634/54209/54206/11213/29775/57091/650/57732/1032/28951/23533/1942/26191/23531/3643/54922/896/285489/120892/8660/2081/9479/3064/64798/5580/25937/29990/5604/51429/23328/5871/219771/64853/10645/8312/5906/11116/6879/4869/5716/55181/51191/143384/150/7405/7026/5770/2690/152110/128344/146433",73
"GO:0031641","BP","GO:0031641","regulation of myelination","14/2006","47/18986",0.297872340425532,2.81924439447615,4.29203618275266,0.000242596255838707,0.0188500441387401,0.0166451210943879,"84504/6663/4099/118738/745/5129/7038/1890/5803/3687/7133/27242/5915/23191",14
"GO:0005858","CC","GO:0005858","axonemal dynein complex","8/2101","22/19960",0.363636363636364,3.45463199342305,3.951034134178,0.00122469405018216,0.0185337032927567,0.0161287193041534,"8632/93233/56171/55259/126820/85478/201625/64446",8
"GO:0050900","BP","GO:0050900","leukocyte migration","66/2006","404/18986",0.163366336633663,1.54619803954473,3.81413897954817,0.000218838148405708,0.0176964390704185,0.015626455253821,"1907/5473/10344/6279/6280/134/5054/30817/5228/91662/11240/101/11314/3673/3690/2321/1441/64127/7422/1901/3162/56833/124976/6402/54209/240/9518/284114/23396/3674/9466/5175/57580/64005/79890/3689/6693/80270/50512/3655/6793/1910/23765/27/80024/6484/6777/2683/83692/79647/51157/5295/727/4323/2302/5641/255231/146433/6441/1524/4283/6362/6401/6348/2919/414062",66
"GO:0019216","BP","GO:0019216","regulation of lipid metabolic process","58/2006","344/18986",0.168604651162791,1.59577662361752,3.83281935068113,0.000223170435214858,0.0176964390704185,0.015626455253821,"5105/12/344/134/5166/4137/2852/341/5163/115330/133/2246/634/54209/8622/9518/79888/6720/10580/5140/650/3949/23417/5581/20/8660/57104/949/5580/6721/57674/23352/5467/3480/157506/10295/5465/7067/7132/6777/51099/9611/23410/128486/79718/5978/150/132671/23682/5660/225/2822/84879/1601/3356/2326/3973/335",58
"GO:0048754","BP","GO:0048754","branching morphogenesis of an epithelial tube","32/2006","158/18986",0.20253164556962,1.91688226459861,3.97779083661855,0.000223672478269338,0.0176964390704185,0.015626455253821,"7484/374/9723/30812/183/64478/5314/3371/2246/7422/3911/4609/4855/650/1969/1282/7075/4776/54922/54567/25932/4851/7048/1512/157506/2263/90/4323/4488/51176/6469/6423",32
"GO:0030100","BP","GO:0030100","regulation of endocytosis","53/2006","307/18986",0.172638436482085,1.63395481308517,3.84904157616919,0.000224791805006152,0.0176964390704185,0.015626455253821,"7018/6556/344/5054/8862/2268/11314/26045/3673/5806/341/3690/64127/7422/7052/8291/146722/54209/3601/7097/150696/79890/2212/3643/868/3685/20/120892/11031/558/9026/274/949/27/88455/51429/9463/23208/1445/90678/977/11037/9765/25875/5533/5770/1601/50632/6441/54550/335/6424/6401",53
"GO:0061351","BP","GO:0061351","neural precursor cell proliferation","34/2006","171/18986",0.198830409356725,1.88185152145901,3.9814689624166,0.000209502124135534,0.0174090445653181,0.0153726777929276,"60484/6663/4036/63827/3736/170302/9283/407738/5803/57165/7422/9355/9289/2309/54468/54567/120892/4851/5915/4781/85458/54820/2263/10653/8323/6567/6692/50937/51286/2258/51176/80237/1524/6469",34
"GO:0003016","BP","GO:0003016","respiratory system process","14/2006","46/18986",0.304347826086957,2.88053231609519,4.38906135185522,0.00018848400440492,0.0170639491392122,0.015067948789941,"134/2324/28996/57555/2548/79068/2744/4692/144535/83538/80217/128/152110/200373",14
"GO:0048713","BP","GO:0048713","regulation of oligodendrocyte differentiation","14/2006","46/18986",0.304347826086957,2.88053231609519,4.38906135185522,0.00018848400440492,0.0170639491392122,0.015067948789941,"84504/93377/10215/118738/745/5803/23500/7133/7097/27242/4851/3066/146433/6469",14
"GO:0007368","BP","GO:0007368","determination of left/right symmetry","29/2006","137/18986",0.211678832116788,2.00345678293586,4.05150819261131,0.000196619763991346,0.0170639491392122,0.015067948789941,"23500/6911/9645/4851/5046/7048/1855/9371/83852/55081/284086/90/51098/129880/83538/84100/23322/51626/7547/55130/25911/339829/84976/146845/2302/161582/64446/55172/6469",29
"GO:0031644","BP","GO:0031644","regulation of nervous system process","27/2006","124/18986",0.217741935483871,2.06084166854276,4.07351635563135,0.000197844753989632,0.0170639491392122,0.015067948789941,"6663/4099/118738/745/81832/5129/134/7143/55273/4846/1143/50944/3673/1890/3687/7133/27242/57555/85358/120892/2149/11343/10458/1855/23613/23316/6348",27
"GO:0150172","BP","GO:0150172","regulation of phosphatidylcholine metabolic process","6/2006","10/18986",0.6,5.67876370887338,5.08663644856143,0.000198966486622861,0.0170639491392122,0.015067948789941,"341/79888/3949/949/23682/84879",6
"GO:0005996","BP","GO:0005996","monosaccharide metabolic process","47/2006","262/18986",0.179389312977099,1.69784920049013,3.90944256222544,0.000201779826562209,0.0170639491392122,0.015067948789941,"5105/3099/5166/10993/5210/5214/5163/4837/3487/54206/5209/10580/2027/23417/3643/230/8660/2584/23516/2026/114897/2648/5106/7167/6513/55657/4122/5467/200186/221937/10295/5465/2548/2683/55276/7355/89944/79411/1407/9942/2822/8789/4886/648791/89792/80201/119391",47
"GO:0014850","BP","GO:0014850","response to muscle activity","11/2006","31/18986",0.354838709677419,3.35840864503264,4.51689435265669,0.000202497140044136,0.0170639491392122,0.015067948789941,"10631/84808/122622/183/3673/3678/8140/23371/825/252995/4772",11
"GO:0051349","BP","GO:0051349","positive regulation of lyase activity","11/2006","31/18986",0.354838709677419,3.35840864503264,4.51689435265669,0.000202497140044136,0.0170639491392122,0.015067948789941,"57413/2696/4846/140/84876/6786/10487/23479/9495/49/3973",11
"GO:0099111","BP","GO:0099111","microtubule-based transport","42/2006","225/18986",0.186666666666667,1.76672648720505,3.9765427529287,0.000177899029554161,0.0168947602194055,0.0149185501976998,"81832/4137/3800/25893/25777/57662/3064/54820/79036/23095/23287/63971/9371/26146/55081/144535/51098/8100/6103/79925/83538/11020/4117/166379/79989/92104/55764/80217/167691/51626/25911/57539/339829/152110/200373/345895/150737/53340/161582/150082/55172/50632",42
"GO:0099173","BP","GO:0099173","postsynapse organization","45/2006","246/18986",0.182926829268293,1.73133039904676,3.96824345316875,0.000172906922664426,0.0166855180371171,0.0147337834440196,"11141/388135/9201/26045/50944/3690/51225/54209/3911/22899/1942/7804/6405/57555/3643/54910/85358/120892/51517/87/9844/9026/10458/1855/23613/1140/3480/10163/9463/9732/58489/9912/4139/94134/23316/378/5770/23768/80823/64101/158866/5641/115703/5913/440915",45
"GO:0030159","MF","GO:0030159","signaling receptor complex adaptor activity","16/2054","51/18737",0.313725490196078,2.86186684995322,4.67172337223861,6.92367810230631e-05,0.016229101471806,0.0149405685365557,"50944/10603/29775/10580/2887/6461/85358/120892/8660/29760/9455/9846/10019/2783/5295/9908",16
"GO:0050727","BP","GO:0050727","regulation of inflammatory response","71/2006","438/18986",0.162100456621005,1.53421698375194,3.88783768154774,0.000164002824476485,0.0160857196531609,0.0142041445392145,"9173/2840/6279/6280/134/5054/353514/183/2268/89790/4210/58484/91662/2852/101/3371/7301/84630/8692/5138/8870/64127/5603/56833/22904/59272/51704/54209/240/241/55450/7133/9180/7097/135/3949/1051/1326/145407/6693/79651/64838/120892/7010/11343/1910/23765/5580/5045/6774/10318/23476/5335/5777/5467/23208/5465/2137/7132/6777/51114/9575/25875/340061/25827/81792/5733/3356/335/6401/6348",71
"GO:0060170","CC","GO:0060170","ciliary membrane","18/2101","78/19960",0.230769230769231,2.19236261121078,3.61892400003294,0.00102932725871259,0.0160461542242483,0.0139639614008065,"2847/9283/768206/80045/92211/150696/6094/9249/85358/132884/79770/129880/91147/84455/200728/192668/79583/54084",18
"GO:0005741","CC","GO:0005741","mitochondrial outer membrane","39/2101","223/19960",0.174887892376682,1.66147659773373,3.40706321495838,0.00103675592638315,0.0160461542242483,0.0139639614008065,"6663/3099/221481/597/4128/4504/1267/8408/5138/3162/2309/4257/7316/120892/8165/1375/10058/2182/2180/664/665/445/9868/54470/6843/25875/345778/340061/132671/79877/84987/670/84816/55750/64757/84303/79691/201164/91543",39
"GO:0050729","BP","GO:0050729","positive regulation of inflammatory response","33/2006","162/18986",0.203703703703704,1.92797533325948,4.07699242554501,0.000160601738303022,0.0160146700044497,0.0141414056937345,"9173/6279/6280/5054/353514/183/4210/58484/91662/101/84630/8692/5138/5603/51704/54209/241/55450/9180/7097/3949/1051/1326/120892/23765/10318/7132/6777/51114/9575/5733/3356/6348",33
"GO:0098885","BP","GO:0098885","modification of postsynaptic actin cytoskeleton","8/2006","17/18986",0.470588235294118,4.453932320685,4.89686338375323,0.000154732293992603,0.0156909036433516,0.0138555108572502,"51225/10458/85458/5216/23191/10487/83992/5217",8
"GO:0030833","BP","GO:0030833","regulation of actin filament polymerization","29/2006","135/18986",0.214814814814815,2.03313762416454,4.1405667220902,0.000150315979931121,0.0155058708263431,0.0136921216565208,"10344/822/256949/7111/342184/23500/146206/89848/3059/81553/57580/9168/10435/5581/90952/9026/274/5580/10458/85464/91663/1955/23580/51429/5216/6711/23191/5217/10602",29
"GO:0048711","BP","GO:0048711","positive regulation of astrocyte differentiation","7/2006","13/18986",0.538461538461538,5.09632640539919,5.07808714967744,0.000140230042173452,0.0155022799598576,0.0136889508200472,"4099/84630/5270/650/4851/274/6469",7
"GO:0097501","BP","GO:0097501","stress response to metal ion","9/2006","21/18986",0.428571428571429,4.05625979205241,4.81643178644217,0.000144874607235715,0.0155022799598576,0.0136889508200472,"6556/4501/4489/4502/4504/4499/4493/55532/10058",9
"GO:0050994","BP","GO:0050994","regulation of lipid catabolic process","18/2006","67/18986",0.26865671641791,2.54273001889853,4.34790618889607,0.000145949962683806,0.0155022799598576,0.0136889508200472,"344/134/341/5140/3949/23417/5581/8660/57104/949/5580/5465/7067/51099/150/225/2822/84879",18
"GO:0051494","BP","GO:0051494","negative regulation of cytoskeleton organization","34/2006","168/18986",0.202380952380952,1.91545601291364,4.09644673722188,0.000146997331696246,0.0155022799598576,0.0136889508200472,"10382/50944/822/1901/27124/256949/7111/146206/7454/9168/85358/10395/9026/2648/395/84952/5580/85464/91663/10163/5216/8874/9463/6711/23332/4869/338657/5295/91147/5217/126820/56890/26586/2258",34
"GO:0003158","BP","GO:0003158","endothelium development","31/2006","148/18986",0.209459459459459,1.98245129476436,4.12407365311515,0.000147690114944322,0.0155022799598576,0.0136889508200472,"60484/81575/55273/1903/5138/2246/7422/1901/3687/26051/634/4855/5175/7075/694/23462/54567/25932/4851/1910/91663/2194/7132/83605/5906/11167/90/7026/30061/2535/81792",31
"GO:0031279","BP","GO:0031279","regulation of cyclase activity","15/2006","50/18986",0.3,2.83938185443669,4.47625376877877,0.000134421361872526,0.01546621169391,0.0136571015230406,"57413/2696/2913/4846/343035/140/2788/1910/84876/6786/10487/84059/9495/49/3973",15
"GO:0007015","BP","GO:0007015","actin filament organization","75/2006","465/18986",0.161290322580645,1.52654938410575,3.95125712356103,0.000127969121416637,0.015012534381093,0.0132564916489185,"7018/10344/10083/11170/50944/56776/822/1901/201191/256949/7111/342184/23500/146206/89848/58480/22899/84940/3059/9124/10580/4542/8407/81553/5345/7454/57580/64005/65108/9168/57477/9645/10435/57553/5581/85358/51168/10395/90952/87/23221/79778/9844/84501/9026/274/395/84952/5580/64423/10458/85464/91663/7126/1955/5829/23580/51429/10163/5216/9463/4644/6711/23191/4641/23332/10487/10096/5295/94134/57619/5217/126820/10602/335",75
"GO:0043269","BP","GO:0043269","regulation of monoatomic ion transport","77/2006","480/18986",0.160416666666667,1.51828057494184,3.95303986224393,0.000125136165235366,0.0149737935320639,0.0132222823856063,"5354/7018/134/353514/3765/9002/342667/183/2847/7439/23704/2852/844/4846/285966/3755/26251/3690/255057/57165/3783/2564/3766/5270/2256/54209/1272/10312/5652/287/135/51393/5205/1318/5187/154043/5581/54899/3779/3757/2149/825/782/274/3064/9455/7533/10768/53826/80024/8514/5335/5777/84876/6786/9230/2783/150/2946/5533/23479/3790/7351/7881/28954/2258/7225/3769/3753/9495/6236/6769/196051/3356/4283/3973/6348",77
"GO:0010883","BP","GO:0010883","regulation of lipid storage","16/2006","55/18986",0.290909090909091,2.75333998005982,4.47571706892323,0.000121782266144361,0.0148698632314634,0.0131305089963168,"29923/123/3690/54209/4481/6720/9641/3685/57104/949/6721/5467/5465/51099/79068/128486",16
"GO:0008305","CC","GO:0008305","integrin complex","10/2101","31/19960",0.32258064516129,3.06459289739141,3.94572096077937,0.00090537460413726,0.0146800025099399,0.0127750852663979,"5354/3673/3690/3687/8515/3678/3674/3689/3685/3655",10
"GO:0032271","BP","GO:0032271","regulation of protein polymerization","40/2006","207/18986",0.193236714975845,1.82890940704457,4.1215249405037,0.000116863874014835,0.0145665949631408,0.012862714554396,"10382/10344/4137/84722/84630/122060/822/27124/256949/7111/342184/23500/146206/89848/3059/81553/57580/9168/57662/10435/5581/90952/9026/93323/274/5580/10458/85464/91663/1955/23580/51429/5216/8874/54930/6711/23191/23332/5217/10602",40
"GO:0015631","MF","GO:0015631","tubulin binding","69/2054","392/18737",0.176020408163265,1.60569347018262,4.25244446603525,4.71769735987409e-05,0.0138228532644311,0.0127253678786077,"81551/6279/6280/118611/4137/84722/3800/23255/9832/342184/1410/4600/25777/9654/57662/11104/120892/90990/84501/93323/3064/9448/85458/54820/256364/29911/23095/6786/8874/23208/54930/10844/23170/2683/23287/57609/51199/23332/23710/83473/63971/27072/9371/11092/26146/4692/9702/79884/5892/151393/4135/65055/55259/79841/164395/56890/64147/84142/3832/80129/84688/128344/286187/1069/440585/2258/23281/158297/675",69
"GO:0006090","BP","GO:0006090","pyruvate metabolic process","28/2006","126/18986",0.222222222222222,2.10324581810125,4.27059748925113,0.000105049871934723,0.0133726251869244,0.0118084055372984,"5105/54541/3099/5166/9123/10993/3939/5214/5163/8870/6521/5209/2027/3643/230/2584/2026/5106/6774/7167/221937/10295/5465/9611/4967/7351/3356/80201",28
"GO:0032421","CC","GO:0032421","stereocilium bundle","17/2101","70/19960",0.242857142857143,2.30720065275039,3.75774868200606,0.000761791947836894,0.0126531784506567,0.0110112674359993,"10083/7399/286262/5205/64787/9780/51168/161497/9455/10518/9732/4641/84059/494513/51473/793/54084",17
"GO:0010959","BP","GO:0010959","regulation of metal ion transport","68/2006","408/18986",0.166666666666667,1.57743436357594,4.05261315577159,9.65099000164192e-05,0.0125525811260486,0.011084283482435,"5354/7018/134/353514/9002/342667/183/2847/7439/23704/2852/844/4846/3755/26251/3690/255057/57165/3783/5270/2256/54209/1272/5652/287/135/51393/1318/5187/154043/5581/3779/3757/2149/825/782/274/3064/9455/7533/10768/53826/80024/8514/5335/5777/84876/6786/2783/150/2946/5533/23479/3790/7351/7881/28954/2258/7225/3753/9495/6236/6769/196051/3356/4283/3973/6348",68
"GO:0097731","CC","GO:0097731","9+0 non-motile cilium","27/2101","134/19960",0.201492537313433,1.91422705605717,3.6420236763731,0.000685565605994038,0.0121108888268482,0.0105393467957579,"10083/7399/768206/343035/5314/388531/23418/92211/5305/6094/9654/9249/123041/10518/2767/55081/51098/6103/65062/4117/23322/4867/55764/167691/119710/441054/1069",27
"GO:0009897","CC","GO:0009897","external side of plasma membrane","64/2101","407/19960",0.157248157248157,1.49389491607483,3.45285950011008,0.000698751965755699,0.0121108888268482,0.0105393467957579,"4340/4036/9173/6768/26253/1233/2215/912/338328/5314/3673/8692/3690/2028/150356/1441/9244/1901/7056/5329/3687/8515/6402/84966/2214/3678/3674/57007/9180/9466/5175/23308/3824/3949/8140/1889/2212/3689/3566/3643/2615/11118/161198/6693/3685/3655/7048/3106/80381/2683/308/2239/2690/6382/53340/2217/64446/3902/30835/2350/1524/165530/4283/6401",64
"GO:0044224","CC","GO:0044224","juxtaparanode region of axon","6/2101","12/19960",0.5,4.75011899095669,4.45697130465172,0.000711359108772289,0.0121108888268482,0.0105393467957579,"6900/203190/3736/23136/8514/7881",6
"GO:0099535","CC","GO:0099535","synapse-associated extracellular matrix","6/2101","12/19960",0.5,4.75011899095669,4.45697130465172,0.000711359108772289,0.0121108888268482,0.0105393467957579,"60484/63827/7143/3371/5803/3911",6
"GO:0032420","CC","GO:0032420","stereocilium","16/2101","63/19960",0.253968253968254,2.41275885254943,3.85210714825136,0.000637534643023498,0.0120600303305278,0.0104950878369073,"10083/7399/286262/5205/64787/9780/51168/161497/9455/10518/9732/4641/84059/494513/793/54084",16
"GO:0017124","MF","GO:0017124","SH3 domain binding","28/2054","113/18737",0.247787610619469,2.26036828635686,4.71521815515169,2.54684212180605e-05,0.0117546458333026,0.0108213687615728,"4036/4137/1840/50944/51225/11113/27124/202559/342184/3059/7454/8751/26548/26191/201176/85358/51517/9844/9026/395/3635/5777/10163/9732/83992/7405/10278/9495",28
"GO:0019838","MF","GO:0019838","growth factor binding","31/2054","132/18737",0.234848484848485,2.14233498568942,4.62133221538972,3.00886838736415e-05,0.0117546458333026,0.0108213687615728,"4036/2065/124857/2046/8692/3690/2321/3487/2324/9180/25987/1969/1282/6272/3643/2615/85409/3685/79651/7010/3655/5046/5045/7048/3480/2263/9702/90/9365/2690/81621",31
"GO:0010975","BP","GO:0010975","regulation of neuron projection development","74/2006","452/18986",0.163716814159292,1.54951517130026,4.06411742280723,8.75585892680139e-05,0.0116414008797895,0.0102796856031851,"5653/6900/6696/56896/4099/6280/5365/11141/7143/2670/4137/114788/347733/1136/4504/9024/952/8408/51225/7422/27124/120114/1272/3601/25987/57580/1942/7804/51393/6911/6405/1608/23258/4776/85358/8428/120892/51517/84079/3655/5362/7533/10458/8837/27/5526/10507/1855/5604/3480/23191/5906/57609/51199/23413/9912/3066/4139/23316/4135/9860/54986/5770/84816/55754/80823/1382/84879/158866/1601/9856/115703/2258/6423",74
"GO:0051339","BP","GO:0051339","regulation of lyase activity","16/2006","53/18986",0.30188679245283,2.85723960194887,4.65369669863926,7.4552548720081e-05,0.0101374522498237,0.00895165650780111,"57413/2696/2913/4846/343035/140/2788/1910/84876/6786/10487/23479/84059/9495/49/3973",16
"GO:0016324","CC","GO:0016324","apical plasma membrane","65/2101","408/19960",0.159313725490196,1.51351830594208,3.59454780570889,0.000447238230497597,0.00870197814196753,0.00757278567729766,"4036/4118/115584/7018/2065/283999/5794/8972/3736/7399/114/9123/23704/338328/3249/5314/10149/23255/23418/8692/3690/2028/66002/59272/634/8170/10312/9058/222962/287/9180/960/8140/6518/150696/5205/56650/445815/3705/57477/6541/154043/7010/23516/4851/11309/9026/123041/10768/10392/50855/3177/5420/6513/6535/6550/8323/57619/9365/6567/55754/6564/3753/55966/10568",65
"GO:0097730","CC","GO:0097730","non-motile cilium","33/2101","171/19960",0.192982456140351,1.83337925966749,3.75389970841618,0.000425414647487651,0.00852080514526737,0.00741512218376308,"10083/7399/2847/768206/343035/5314/388531/23418/92211/5305/6094/9654/9249/161497/123041/10518/2767/55081/51098/8100/6103/65062/4117/23322/4867/55764/167691/119710/79846/441054/161582/1069/51473",33
"GO:0032437","CC","GO:0032437","cuticular plate","6/2101","11/19960",0.545454545454545,5.18194799013457,4.75848003356415,0.000390449406948228,0.00805745594338615,0.00701189844056945,"89848/9780/10518/51429/6711/793",6
"GO:0044853","CC","GO:0044853","plasma membrane raft","25/2101","116/19960",0.21551724137931,2.04746508230892,3.88067959057051,0.000374184907574986,0.00796312256433017,0.00692980601857622,"4118/114/4846/3991/1136/54209/7223/10580/8436/7804/3689/3643/26509/10395/120892/2149/949/7048/6513/84876/3480/6786/5573/3356/6401",25
"GO:0030041","BP","GO:0030041","actin filament polymerization","35/2006","167/18986",0.209580838323353,1.98360009790986,4.38813974675788,5.64640772220215e-05,0.00785638544231058,0.00693741012429195,"10344/11170/822/256949/7111/342184/23500/146206/89848/3059/81553/7454/57580/9168/10435/5581/90952/79778/84501/9026/274/395/5580/64423/10458/85464/91663/1955/23580/51429/5216/6711/23191/5217/10602",35
"GO:0022408","BP","GO:0022408","negative regulation of cell-cell adhesion","41/2006","207/18986",0.198067632850242,1.87463214222068,4.34886871507648,5.43056714249054e-05,0.00773597219369545,0.00683108182660652,"4155/7143/384/1840/11314/7422/64115/5270/634/3718/4855/7805/650/55824/135/1051/27242/26191/3566/2615/868/6693/114897/4851/4092/5580/91663/5420/51043/5777/10019/5465/56339/445/5573/10653/2302/3902/6441/6469/335",41
"GO:0030863","CC","GO:0030863","cortical cytoskeleton","24/2101","109/19960",0.220183486238532,2.0917955189534,3.92028109670323,0.000347798985526971,0.0076403583594796,0.00664892457900458,"54443/6521/7111/89848/7223/57477/9780/10395/87/9026/92154/10518/91663/6513/27445/51429/6711/23332/10487/1915/57619/494513/793/6401",24
"GO:0051962","BP","GO:0051962","positive regulation of nervous system development","54/2006","297/18986",0.181818181818182,1.72083748753739,4.30352647485564,4.87445382253679e-05,0.00711313590737503,0.00628109980367449,"84504/60484/6663/4036/10215/4099/118738/63827/5365/11141/745/2670/30812/4137/2852/26045/84630/5803/57165/26050/7422/7052/5270/7133/650/7097/8140/7804/51393/57555/85358/84079/5362/4851/274/10458/10507/5604/23013/23191/51199/3066/23316/4135/23768/6692/80823/50937/1382/146433/23767/80237/1524/6469",54
"GO:0031589","BP","GO:0031589","cell-substrate adhesion","63/2006","361/18986",0.174515235457064,1.65171797626511,4.29701710655143,4.36949492250629e-05,0.00653567203033879,0.00577118289896292,"10631/57348/5054/9723/11170/5314/10085/7301/3673/5613/56999/3690/7422/3687/8515/342184/3678/3911/3674/10580/57091/64098/960/57580/64005/1942/8751/3689/285613/7450/57662/5581/3685/10395/87/7010/79778/161497/3655/558/4851/9448/395/29780/50488/91663/5829/5467/8874/23332/11037/5295/54749/3912/5770/4323/59277/1601/158326/84962/55966/81792/335",63
"GO:0030992","CC","GO:0030992","intraciliary transport particle B","8/2101","18/19960",0.444444444444444,4.2223279919615,4.69110860178733,0.000246320105112959,0.00566402857936545,0.00492904875211801,"26146/55081/51098/8100/11020/79989/92104/150737",8
"GO:0036064","CC","GO:0036064","ciliary basal body","35/2101","180/19960",0.194444444444444,1.84726849648316,3.91649894729915,0.000249516677505086,0.00566402857936545,0.00492904875211801,"7399/5314/220004/9654/57662/1453/1452/11092/26146/55081/51098/199221/8100/6103/95681/129880/27077/57639/79989/92565/29070/23322/55764/79841/167691/51626/164395/23329/57539/80129/85478/128344/1069/257236/158297",35
"GO:0098636","CC","GO:0098636","protein complex involved in cell adhesion","16/2101","58/19960",0.275862068965517,2.62075530535541,4.23971764287691,0.000231065731420476,0.00561984868204801,0.00489060175901233,"5354/7143/3371/22915/3673/3690/5329/3687/8515/3678/3674/3689/79812/3685/3655/3912",16
"GO:0060972","BP","GO:0060972","left/right pattern formation","32/2006","144/18986",0.222222222222222,2.10324581810125,4.56764095526319,3.49936713711148e-05,0.00536838809777897,0.00474043823513158,"23500/6911/9645/4851/5046/7048/1855/9371/83852/55081/284086/90/51098/129880/83538/84100/23322/55764/51626/7547/55130/25911/339829/55329/84976/146845/2302/128344/161582/64446/55172/6469",32
"GO:0014013","BP","GO:0014013","regulation of gliogenesis","27/2006","112/18986",0.241071428571429,2.28164613302948,4.67570485797914,3.10277109802725e-05,0.0048852314419729,0.00431379726897473,"84504/6663/4036/10215/4099/118738/745/2670/30812/9283/84630/5803/57165/23500/5270/54209/7133/650/7097/3949/8140/4851/274/3066/6692/146433/6469",27
"GO:0045229","BP","GO:0045229","external encapsulating structure organization","61/2006","341/18986",0.178885630498534,1.69308204419001,4.43897363343677,2.7113012425637e-05,0.00438424738763746,0.00387141420666492,"60484/10631/64386/170691/7143/2670/183/101/3249/140766/4982/3673/56999/5806/3690/7093/150356/23127/340267/146206/602/283208/55790/4015/7133/650/333/5345/1284/1282/285590/7075/649/8751/89932/5352/5033/4851/5045/8837/7132/2683/23332/339366/10653/3912/23768/4323/59277/6692/1296/64147/57188/11107/4326/1297/7045/4147/81621/81792/6423",61
"GO:0031329","BP","GO:0031329","regulation of cellular catabolic process","79/2006","472/18986",0.167372881355932,1.5841184074894,4.41696221657354,2.35254766467086e-05,0.00411550140346071,0.00363410391617817,"344/7076/3099/2670/4137/4210/101/4504/23255/7079/8408/341/25893/64127/3162/79156/54209/5305/7133/6720/2309/7805/3949/8140/23417/26191/3643/54922/20/120892/8660/26086/2081/3064/64798/57104/949/5580/5045/27/6774/10392/6721/23352/7107/148022/23274/51429/221937/219771/220441/5465/10645/664/665/8131/90678/51099/25853/207063/25782/64121/94241/79837/257397/1915/150/340061/1611/25827/9860/7405/5770/51382/5660/225/2822/84879/3356",79
"GO:0001763","BP","GO:0001763","morphogenesis of a branching structure","42/2006","207/18986",0.202898550724638,1.9203548773968,4.57621248964927,2.45116348196215e-05,0.00411550140346071,0.00363410391617817,"6663/6768/7484/374/9723/30812/183/64478/5314/3371/133/2246/7422/7052/3911/4609/4855/650/1969/1282/7075/4776/54922/54567/25932/120892/4851/7048/1512/157506/2263/90/10653/4323/59277/6692/2258/4488/51176/6469/6423/84870",42
"GO:0043062","BP","GO:0043062","extracellular structure organization","61/2006","340/18986",0.179411764705882,1.69806169726116,4.4641867032251,2.47631707378548e-05,0.00411550140346071,0.00363410391617817,"60484/10631/64386/170691/7143/2670/183/101/3249/140766/4982/3673/56999/5806/3690/7093/150356/23127/340267/146206/602/283208/55790/4015/7133/650/333/5345/1284/1282/285590/7075/649/8751/89932/5352/5033/4851/5045/8837/7132/2683/23332/339366/10653/3912/23768/4323/59277/6692/1296/64147/57188/11107/4326/1297/7045/4147/81621/81792/6423",61
"GO:0030198","BP","GO:0030198","extracellular matrix organization","61/2006","339/18986",0.179941002949853,1.7030707288165,4.48948270652041,2.26026376470385e-05,0.00409792669824943,0.00361858495535841,"60484/10631/64386/170691/7143/2670/183/101/3249/140766/4982/3673/56999/5806/3690/7093/150356/23127/340267/146206/602/283208/55790/4015/7133/650/333/5345/1284/1282/285590/7075/649/8751/89932/5352/5033/4851/5045/8837/7132/2683/23332/339366/10653/3912/23768/4323/59277/6692/1296/64147/57188/11107/4326/1297/7045/4147/81621/81792/6423",61
"GO:0097729","CC","GO:0097729","9+2 motile cilium","43/2101","231/19960",0.186147186147186,1.7684425680618,4.0291989759069,0.000147869126126233,0.00372958795896166,0.00324562643310212,"8632/220004/5906/11092/64800/8100/85452/6103/84223/79925/83538/11020/57639/56171/158787/93190/154865/27285/80217/642987/84288/257044/64147/55329/339778/1768/146845/200373/84688/79846/345895/222967/149465/53340/1069/440585/254956/343521/389799/64446/202500/84075/158297",43
"GO:0005881","CC","GO:0005881","cytoplasmic microtubule","27/2101","122/19960",0.221311475409836,2.10251168452181,4.18955619350201,0.000140185698294285,0.00367178694378493,0.00319532583561467,"220004/9545/10844/51199/23332/11092/79884/64800/145483/84100/65055/158787/93190/27285/23322/92104/55329/339778/730112/146845/84688/150737/441054/440585/389799/23281/158297",27
"GO:0030990","CC","GO:0030990","intraciliary transport particle","10/2101","25/19960",0.4,3.80009519276535,4.80494617392423,0.000120410630013694,0.00327998556157301,0.0028543656714825,"26146/55081/51098/8100/11020/79989/92104/55764/57539/150737",10
"GO:0061138","BP","GO:0061138","morphogenesis of a branching epithelium","40/2006","190/18986",0.210526315789474,1.99254866978013,4.72604460327289,1.54780178980511e-05,0.00308520503884514,0.00272432314187809,"6663/6768/7484/374/9723/30812/183/64478/5314/3371/133/2246/7422/7052/3911/4609/4855/650/1969/1282/7075/4776/54922/54567/25932/4851/7048/1512/157506/2263/90/10653/4323/59277/6692/4488/51176/6469/6423/84870",40
"GO:0003341","BP","GO:0003341","cilium movement","50/2006","258/18986",0.193798449612403,1.83422600415807,4.63713562492411,1.62717508206669e-05,0.00308520503884514,0.00272432314187809,"8632/221481/220004/57662/1952/11092/144535/64800/84223/79925/83538/93233/54585/55779/57639/89876/56171/158787/93190/154865/27285/80217/642987/126820/164395/55130/25911/257044/26074/64147/339829/79645/55329/339778/1768/152110/146845/200373/84688/85478/79846/345895/149465/53340/161582/440585/389799/64446/55172/202500",50
"GO:0051258","BP","GO:0051258","protein polymerization","55/2006","293/18986",0.187713310580205,1.77663255965891,4.60481114453036,1.65011802177912e-05,0.00308520503884514,0.00272432314187809,"10382/10344/81027/4137/84722/844/11170/84630/122060/822/27124/256949/7111/342184/23500/146206/89848/3059/81553/7454/57580/9168/57662/10435/5581/90952/79778/84501/9026/93323/1453/274/395/5580/64423/10458/85464/91663/1955/54820/55125/23580/51429/5216/8874/54930/10844/6711/23191/51199/23332/84100/5217/10602/2258",55
"GO:0031331","BP","GO:0031331","positive regulation of cellular catabolic process","47/2006","235/18986",0.2,1.89292123629113,4.73409303229538,1.23443830108778e-05,0.00254677391565799,0.00224887326067497,"344/3099/4210/101/8408/25893/64127/3162/79156/5305/7133/2309/7805/3643/20/120892/8660/26086/3064/64798/57104/5580/5045/10392/23352/148022/51429/219771/220441/5465/10645/664/665/8131/90678/51099/207063/25782/94241/79837/150/340061/7405/5770/225/2822/3356",47
"GO:0045862","BP","GO:0045862","positive regulation of proteolysis","60/2006","325/18986",0.184615384615385,1.74731191042258,4.67065780716466,1.18423587232248e-05,0.00253045829432336,0.0022344661064611,"6900/4155/7018/9705/6279/6280/4137/112399/4210/58484/10418/91662/4803/2852/101/3249/84630/64115/54209/4609/7133/1454/7805/28951/1942/641700/344558/85409/10395/120892/2149/825/9026/1453/4092/5045/6774/10392/1855/1512/83874/84900/51429/84231/8312/23287/1452/51667/5701/5978/55081/5716/3066/51136/150/1611/4323/2822/1601/5641",60
"GO:0050769","BP","GO:0050769","positive regulation of neurogenesis","49/2006","247/18986",0.198380566801619,1.87759393883128,4.77167447423023,1.02571323105565e-05,0.00227413605490141,0.00200812633330404,"84504/60484/6663/4036/10215/4099/118738/63827/5365/11141/745/2670/30812/4137/2852/84630/5803/57165/7422/7052/5270/7133/650/7097/8140/7804/51393/85358/84079/5362/4851/274/10458/10507/5604/23013/23191/51199/3066/23316/4135/6692/80823/50937/1382/146433/80237/1524/6469",49
"GO:0021782","BP","GO:0021782","glial cell development","32/2006","136/18986",0.235294117647059,2.2269661603425,4.9356946519671,1.026268986835e-05,0.00227413605490141,0.00200812633330404,"84504/5354/4336/6900/116448/6663/4118/4099/118738/2065/6279/6280/745/2670/4137/79628/84630/3766/54209/1272/57716/79152/7097/135/3949/54468/20/9334/5604/8892/9463/6469",32
"GO:0097546","CC","GO:0097546","ciliary base","15/2101","48/19960",0.3125,2.96882436934793,4.68407672078587,7.67550815802754e-05,0.00217792543984031,0.00189531188288136,"3766/5573/11092/26146/55081/284086/57562/51098/8100/5891/157657/79989/92565/55130/440585",15
"GO:0042073","BP","GO:0042073","intraciliary transport","17/2006","49/18986",0.346938775510204,3.28363887928053,5.50138198393532,5.63976896561373e-06,0.00134970950885068,0.00119183159740696,"9371/26146/55081/51098/8100/6103/11020/4117/166379/79989/92104/55764/167691/51626/57539/150737/150082",17
"GO:0045834","BP","GO:0045834","positive regulation of lipid metabolic process","32/2006","132/18986",0.242424242424242,2.29444998338318,5.12946901332543,5.27476586423113e-06,0.00131495517357062,0.00116114253827088,"5105/344/134/4137/133/2246/9518/6720/10580/3949/23417/5581/8660/57104/949/5580/6721/5467/3480/157506/5465/7132/51099/23410/132671/23682/225/2822/84879/1601/3356/335",32
"GO:0045177","CC","GO:0045177","apical part of cell","78/2101","474/19960",0.164556962025316,1.56333030082119,4.25740318176879,4.26889733102851e-05,0.00126396481844801,0.00109994928941375,"4036/4118/115584/7018/2065/283999/5794/8972/3736/10083/7399/114/9123/23704/338328/3249/5314/10149/23255/23418/8692/3690/2028/66002/59272/634/8170/10312/9058/222962/287/9180/3949/960/8140/6518/150696/5205/56650/445815/3705/57477/6541/154043/25932/7010/23516/4851/11309/9026/9455/123041/10768/10392/50855/3177/5420/6513/6535/92521/51199/22846/24138/705/90/6550/8323/57619/9365/6567/51626/55754/5641/1069/6564/3753/55966/10568",78
"GO:0003779","MF","GO:0003779","actin binding","82/2054","441/18737",0.1859410430839,1.69619149185153,5.19124485872072,1.06339480590793e-06,0.0012462987125241,0.00114734702742698,"54443/122622/4604/4137/114/29119/4210/116154/4846/11170/56062/56776/822/64127/51225/201191/29964/7111/342184/23500/634/84940/286262/3059/9124/10580/64098/4542/8407/23136/7454/6525/64005/4650/65108/752/9168/6275/57477/11275/64787/27295/9645/57662/57553/5581/201176/54899/85358/51168/120892/87/79778/84501/9026/274/9455/7533/92154/29780/64423/27/85458/85464/7145/10163/5216/9463/4644/6711/23191/4641/22846/4651/10487/10096/79784/57619/5217/286187/80206/84962",82
"GO:0070820","CC","GO:0070820","tertiary granule","35/2101","164/19960",0.213414634146341,2.02748981321322,4.53173569973857,3.53536161662043e-05,0.00109435511859932,0.000952348607730766,"5473/2204/6556/1118/8972/978/8778/101/11314/1143/23601/5806/4057/25797/3687/634/10312/23114/22918/1604/3689/230/963/9725/23218/8514/1512/81619/23352/5777/23250/2548/23191/6843/2919",35
"GO:0005902","CC","GO:0005902","microvillus","25/2101","100/19960",0.25,2.37505949547834,4.72808977341494,2.95050095602208e-05,0.000956805310024303,0.000832647638215755,"5794/10083/1267/23418/8692/3690/56776/634/286262/4542/960/8140/150696/64005/6693/25932/3685/3384/120892/7010/5420/83874/10809/10999/4641",25
"GO:0002009","BP","GO:0002009","morphogenesis of an epithelium","86/2006","500/18986",0.172,1.62791226321037,4.89062557827577,3.49517566916004e-06,0.000909201566460197,0.000802850649131087,"6663/4036/6768/7484/374/9723/30812/183/64478/5314/3371/9024/5613/3690/133/2246/7422/9355/7052/3687/342184/146206/634/3678/3911/4609/4855/650/960/1969/1282/7075/6911/27443/9645/79812/4776/54910/57662/54922/54567/25932/3685/10395/4851/2648/7048/1855/1512/5420/157506/5216/83605/23332/10522/977/83852/2263/26146/55081/90/51098/10653/129880/11019/94134/8323/23322/4867/55764/4323/7547/2926/59277/6692/339829/23767/126695/4488/84962/51176/55966/81792/6469/6423/84870",86
"GO:0060562","BP","GO:0060562","epithelial tube morphogenesis","63/2006","331/18986",0.190332326283988,1.80142051187826,5.05567032226794,2.58109059670952e-06,0.00070193932000514,0.000619832234683498,"4036/6768/7484/374/9723/30812/183/64478/5314/3371/5613/133/2246/7422/9355/3687/342184/3911/4609/4855/650/1969/1282/7075/6911/27443/9645/79812/4776/54910/54922/54567/25932/10395/4851/2648/7048/1855/1512/5420/157506/5216/83605/10522/83852/2263/55081/90/51098/10653/129880/11019/8323/55764/4323/7547/6692/339829/4488/51176/81792/6469/6423",63
"GO:0045687","BP","GO:0045687","positive regulation of glial cell differentiation","17/2006","46/18986",0.369565217391304,3.49778924097273,5.82970583850273,2.06882691765396e-06,0.000589418640396365,0.000520473298230839,"84504/10215/4099/118738/745/84630/5803/5270/7133/650/7097/4851/274/3066/6692/146433/6469",17
"GO:0070286","BP","GO:0070286","axonemal dynein complex assembly","16/2006","41/18986",0.390243902439024,3.69350485129976,5.93422908452726,1.77333922732342e-06,0.000554039419986423,0.000489232447885123,"8632/83538/93233/56171/27285/126820/55130/116143/339829/79645/6674/85478/149465/161582/64446/55172",16
"GO:0007162","BP","GO:0007162","negative regulation of cell adhesion","61/2006","314/18986",0.194267515923567,1.83866553206622,5.15062725146035,1.85204552895345e-06,0.000554039419986423,0.000489232447885123,"4155/2065/10631/5365/7143/5054/384/9723/1840/11170/11314/3371/7422/64115/5270/634/3718/4855/5140/7805/650/55824/135/1051/27242/8751/26191/3566/2615/6494/868/6693/10395/114897/5362/4851/9448/395/4092/5580/91663/10507/5420/51043/5777/10019/5465/56339/445/5573/10653/5295/5770/4323/2302/7045/3902/55966/6441/6469/335",61
"GO:0045685","BP","GO:0045685","regulation of glial cell differentiation","24/2006","80/18986",0.3,2.83938185443669,5.66655341164045,1.47965663221269e-06,0.00049182142391825,0.000434292200998565,"84504/6900/93377/10215/4099/118738/745/9283/84630/5803/23500/5270/54209/7133/650/7097/3949/27242/4851/274/3066/6692/146433/6469",24
"GO:0014015","BP","GO:0014015","positive regulation of gliogenesis","23/2006","74/18986",0.310810810810811,2.94170192126324,5.75216867546848,1.22652993055004e-06,0.000452657094106522,0.00039970899220082,"84504/6663/4036/10215/4099/118738/745/2670/30812/84630/5803/57165/5270/7133/650/7097/8140/4851/274/3066/6692/146433/6469",23
"GO:0001578","BP","GO:0001578","microtubule bundle formation","34/2006","136/18986",0.25,2.36615154536391,5.4955931908888,1.28617258897056e-06,0.000452657094106522,0.00039970899220082,"8632/84722/23255/89796/344148/23332/11092/85452/84223/79925/83538/93233/55779/57639/89876/56171/79989/27285/80217/126820/55130/116143/339829/79645/55329/6674/85478/2302/79846/345895/149465/161582/64446/55172",34
"GO:0032587","CC","GO:0032587","ruffle membrane","26/2101","101/19960",0.257425742574257,2.44560581712622,4.99557786708468,1.177411297785e-05,0.000438588639290187,0.000381676178870663,"2268/30817/11170/3690/3783/3678/5141/83442/23396/10044/1969/64787/23550/50649/3685/10395/221472/9026/92154/5335/4641/24138/23586/9847/1915/378",26
"GO:0044304","CC","GO:0044304","main axon","21/2101","73/19960",0.287671232876712,2.73294517287919,5.08762933192352,1.28603460906383e-05,0.000438588639290187,0.000381676178870663,"6900/60484/10382/4155/203190/4099/134/3736/4137/57165/6334/89796/7133/23114/135/23136/274/8514/6711/9211/7881",21
"GO:0070821","CC","GO:0070821","tertiary granule membrane","21/2101","73/19960",0.287671232876712,2.73294517287919,5.08762933192352,1.28603460906383e-05,0.000438588639290187,0.000381676178870663,"2204/6556/8972/8778/101/11314/1143/23601/3687/634/22918/3689/963/9725/23218/8514/81619/23352/23250/2548/6843",21
"GO:0005879","CC","GO:0005879","axonemal microtubule","18/2101","57/19960",0.315789473684211,3.00007515218317,5.18654699576488,1.28807236208572e-05,0.000438588639290187,0.000381676178870663,"220004/11092/64800/84100/158787/93190/27285/23322/92104/55329/339778/730112/146845/84688/150737/440585/389799/158297",18
"GO:0042581","CC","GO:0042581","specific granule","36/2101","160/19960",0.225,2.13755354593051,4.95510762025539,8.07001597008601e-06,0.000343480054726786,0.000298909144155159,"2204/6590/64386/1118/222487/101/1143/23601/5806/4057/5329/25797/634/7133/22918/6518/3689/3685/963/9725/6793/8514/81619/23352/5777/64114/23250/84514/23191/5906/6843/51382/221/55754/2444/2919",36
"GO:0035082","BP","GO:0035082","axoneme assembly","29/2006","105/18986",0.276190476190476,2.61403408821156,5.70028773559159,8.56083020463564e-07,0.000341462980762234,0.000301521451207483,"8632/11092/85452/84223/79925/83538/93233/55779/57639/89876/56171/79989/27285/80217/126820/55130/116143/339829/79645/55329/6674/85478/2302/79846/345895/149465/161582/64446/55172",29
"GO:0007018","BP","GO:0007018","microtubule-based movement","86/2006","480/18986",0.179166666666667,1.69574194084413,5.30657670567809,6.260347930184e-07,0.000267540440473506,0.000236245761365365,"8632/81832/221481/4137/3800/56776/25893/220004/25777/57662/1952/90990/3064/54820/79036/23095/23287/63971/9371/11092/26146/55081/144535/51098/10096/64800/8100/6103/84223/79925/83538/93233/54585/55779/11020/57639/89876/56171/4117/166379/158787/93190/154865/79989/27285/92104/55764/80217/167691/642987/51626/126820/164395/55130/25911/57539/257044/26074/64147/339829/79645/55329/3832/339778/1768/152110/146845/200373/84688/85478/79846/200132/345895/149465/150737/53340/161582/440585/201625/343521/389799/150082/64446/55172/50632/202500",86
"GO:0031252","CC","GO:0031252","cell leading edge","76/2101","433/19960",0.175519630484988,1.66747826010489,4.81634021532475,5.34487216366685e-06,0.000242657196230475,0.000211169335308381,"134/7399/4137/90249/29119/2268/30817/2565/4210/2852/11170/388325/3690/822/3783/2564/51225/27124/10603/146206/3678/5141/83442/23396/135/23136/960/10044/1969/64005/4650/11275/64787/3643/23550/50649/3685/9780/10395/221472/87/64411/9026/92154/29780/10458/91663/50855/5420/5335/54518/5829/51429/10163/8874/4644/6711/23191/5797/4641/4651/24138/6643/57147/11037/23586/9847/10096/9912/1915/378/84059/10324/126695/84962/9495",76
"GO:0051960","BP","GO:0051960","regulation of nervous system development","84/2006","463/18986",0.181425485961123,1.71712077590124,5.36944080655646,4.93754707730842e-07,0.000227241108950279,0.000200660314016283,"84504/60484/6663/4036/10215/6696/56896/4099/118738/63827/5365/11141/745/5129/7143/2670/30812/4137/7038/9283/2852/4504/26045/8408/84630/1890/5803/57165/26050/7422/9355/7052/3687/23500/5270/54209/7133/650/7097/3949/8140/27242/7804/8553/51393/6405/57555/55502/23462/4776/54567/3148/85358/84079/5362/4851/274/7533/5915/10458/10507/58190/5604/23013/23191/57609/51199/5978/3066/23316/4135/23768/6692/80823/50937/1382/9856/146433/2258/23767/51176/80237/1524/6469",84
"GO:0005874","CC","GO:0005874","microtubule","84/2101","489/19960",0.171779141104294,1.63194272081948,4.8527940838914,4.18123965477357e-06,0.000216324103154177,0.000188253296353353,"8632/10382/81027/4137/84722/3800/4210/347733/4504/23255/1267/122060/89796/220004/344148/9545/4600/9654/57662/11104/653319/90990/93323/1453/10458/8514/1855/1808/54820/256364/29911/23095/6786/54930/10844/51199/23332/23710/83473/63971/9371/10576/908/11092/9702/79848/79884/64800/145483/84100/151393/4135/57619/56171/65055/158787/93190/27285/23322/92104/25941/51626/164395/56890/64147/55329/3832/26586/339778/1768/730112/146845/84688/150737/441054/440585/80086/51473/201625/389799/2258/64446/23281/158297",84
"GO:0098858","CC","GO:0098858","actin-based cell projection","48/2101","234/19960",0.205128205128205,1.94876676552069,5.00727823685891,4.44719154795665e-06,0.000216324103154177,0.000188253296353353,"5794/57348/10083/7399/1267/388325/23418/8692/3690/56776/51225/634/286262/4542/960/8140/150696/64005/5205/64787/6693/25932/3685/9780/51168/3384/120892/7010/161497/3655/9455/10518/10458/5420/83874/10809/9732/4644/23191/10999/4641/2683/4651/84059/494513/2258/793/54084",48
"GO:0050767","BP","GO:0050767","regulation of neurogenesis","73/2006","383/18986",0.190600522193211,1.80395888053854,5.46315664070938,4.02601961889621e-07,0.000200730628165467,0.000177250811116141,"84504/60484/6663/4036/10215/6696/56896/4099/118738/63827/5365/11141/745/7143/2670/30812/4137/9283/2852/4504/8408/84630/5803/57165/7422/9355/7052/23500/5270/54209/7133/650/7097/3949/8140/7804/8553/51393/6405/55502/23462/4776/54567/3148/85358/84079/5362/4851/274/7533/10458/10507/58190/5604/23013/23191/57609/51199/5978/3066/23316/4135/6692/80823/50937/1382/9856/146433/2258/51176/80237/1524/6469",73
"GO:0014003","BP","GO:0014003","oligodendrocyte development","19/2006","50/18986",0.38,3.59655034895314,6.31887188475327,3.1488128044644e-07,0.000171266790991914,0.000151233411154132,"84504/5354/4336/6900/116448/6663/4118/4099/118738/745/3766/1272/79152/7097/54468/20/9334/8892/6469",19
"GO:0045121","CC","GO:0045121","membrane raft","58/2101","293/19960",0.197952218430034,1.88059318413302,5.20827512501313,1.58730663664133e-06,9.00796516293955e-05,7.8390669862199e-05,"4118/4099/7143/4137/114/90249/23017/4846/3991/1136/8692/1901/9289/59272/51704/51090/54209/1820/7223/7133/7851/10580/150372/5175/7097/55824/1604/150696/8436/7804/3689/3643/868/26509/10395/120892/7010/2149/949/8871/9846/5045/91663/3635/7048/5420/6513/84876/3480/6786/7132/4641/5573/3753/9495/3356/6469/6401",58
"GO:0035579","CC","GO:0035579","specific granule membrane","26/2101","91/19960",0.285714285714286,2.71435370911811,5.6219498773534,1.4431869381887e-06,8.93463913551365e-05,7.77525594449986e-05,"2204/64386/222487/101/1143/23601/5329/634/7133/22918/6518/3689/3685/963/9725/6793/8514/81619/23352/64114/23250/5906/6843/51382/221/55754",26
"GO:0098857","CC","GO:0098857","membrane microdomain","59/2101","295/19960",0.2,1.90004759638267,5.34174750340659,9.11071824814917e-07,6.20439912698959e-05,5.39929934074525e-05,"4118/4099/7143/4137/114/90249/7439/23017/4846/3991/1136/8692/1901/9289/59272/51704/51090/54209/1820/7223/7133/7851/10580/150372/5175/7097/55824/1604/150696/8436/7804/3689/3643/868/26509/10395/120892/7010/2149/949/8871/9846/5045/91663/3635/7048/5420/6513/84876/3480/6786/7132/4641/5573/3753/9495/3356/6469/6401",59
"GO:0030667","CC","GO:0030667","secretory granule membrane","64/2101","320/19960",0.2,1.90004759638267,5.56703011349585,3.19690723344001e-07,2.41899313996961e-05,2.10509797944646e-05,"2204/26002/6556/64386/222487/8972/11025/8778/2215/101/27180/11314/1143/63910/23601/3690/5329/3687/6402/634/10312/7133/79888/3674/23114/150372/5175/4257/7097/22918/960/1604/6518/9545/2212/3689/94121/3685/976/963/11031/9725/54760/6793/23218/8514/81619/23352/3106/55362/64114/23250/2548/5906/2683/8904/6843/340061/51382/5660/221/55754/1363/5099",64
"GO:0031514","CC","GO:0031514","motile cilium","64/2101","316/19960",0.20253164556962,1.92409883177992,5.67937893696453,1.99427690868448e-07,1.69762821851766e-05,1.47733934156495e-05,"8632/26762/6676/220004/8751/57662/10809/5906/80705/221264/11092/51098/64800/8100/85452/6103/84223/79925/83538/55779/11020/57639/89876/56171/4117/158787/93190/154865/27285/4867/402160/80217/642987/51626/85016/164395/84288/283152/222235/257044/26074/64147/55329/339778/1768/730112/146845/200373/84688/85478/79846/345895/222967/149465/53340/1069/440585/254956/343521/389799/64446/202500/84075/158297",64
"GO:0031256","CC","GO:0031256","leading edge membrane","44/2101","182/19960",0.241758241758242,2.29676083079224,6.02779173046969,9.76141190831405e-08,9.4964592993741e-06,8.26417278854257e-06,"134/7399/4137/90249/2268/30817/2565/2852/11170/388325/3690/3783/2564/3678/5141/83442/23396/135/23136/960/10044/1969/64005/64787/3643/23550/50649/3685/9780/10395/221472/9026/92154/5335/6711/4641/24138/23586/9847/9912/1915/378/84059/9495",44
"GO:0022010","BP","GO:0022010","central nervous system myelination","15/2006","27/18986",0.555555555555556,5.25811454525313,7.6101537477907,1.09567945347148e-08,6.55545017011988e-06,5.78864755470881e-06,"84504/5354/4336/6900/6663/4118/4099/745/3766/1272/79152/7097/54468/20/9334",15
"GO:0032291","BP","GO:0032291","axon ensheathment in central nervous system","15/2006","27/18986",0.555555555555556,5.25811454525313,7.6101537477907,1.09567945347148e-08,6.55545017011988e-06,5.78864755470881e-06,"84504/5354/4336/6900/6663/4118/4099/745/3766/1272/79152/7097/54468/20/9334",15
"GO:0048709","BP","GO:0048709","oligodendrocyte differentiation","34/2006","110/18986",0.309090909090909,2.92542372881356,6.96096740400414,4.45990470529823e-09,3.33545123147492e-06,2.94529759419629e-06,"84504/5354/4336/6900/93377/116448/6663/10215/4118/4099/118738/2840/745/30812/1267/5803/3766/23500/1272/7223/7133/79152/7097/27242/54468/20/4851/9334/8892/664/1445/3066/146433/6469",34
"GO:0031253","CC","GO:0031253","cell projection membrane","73/2101","358/19960",0.20391061452514,1.93719936502703,6.13729718053031,2.1109236593515e-08,2.39589835336396e-06,2.08500003546473e-06,"4036/5794/57348/134/7399/4137/90249/2847/2268/30817/2565/9283/768206/2852/11170/388325/3690/3783/2564/80045/92211/59272/634/3678/5141/83442/64078/23396/135/23136/960/10044/8140/150696/1969/6094/64787/3643/23550/50649/9249/3685/9780/85358/10395/221472/9026/92154/132884/5420/5335/6711/10999/4641/2683/4651/24138/79770/23586/6550/9847/129880/1915/378/91147/84455/84059/200728/192668/79583/9495/10568/54084",73
"GO:0001726","CC","GO:0001726","ruffle","47/2101","185/19960",0.254054054054054,2.4135739737834,6.62521543934375,6.79472555359644e-09,9.25441620399835e-07,8.05353786668378e-07,"2268/30817/4210/11170/388325/3690/822/3783/27124/10603/146206/3678/5141/83442/23396/10044/1969/4650/11275/64787/23550/50649/3685/10395/221472/87/64411/9026/92154/10458/91663/50855/5420/5335/51429/10163/8874/4644/23191/4641/4651/24138/23586/9847/1915/378/10324",47
"GO:0042552","BP","GO:0042552","myelination","44/2006","158/18986",0.278481012658228,2.63571311382309,7.09635782774213,1.0552328384233e-09,9.01922581755227e-07,7.96423100157373e-07,"84504/5653/5354/4336/6900/8537/6663/10215/4118/4155/4099/118738/2065/745/5129/7038/7368/79628/1890/5803/6334/3766/3687/51090/1272/7133/287/57716/7851/79152/23114/7097/23136/27242/54468/20/9334/5915/4665/5604/8892/23191/84668/225",44
"GO:0060271","BP","GO:0060271","cilium assembly","83/2006","398/18986",0.208542713567839,1.9737746559317,6.74816345201483,8.78459611197438e-10,8.75970642299045e-07,7.73506805017534e-07,"8632/221481/5992/5314/3766/3911/1952/4851/1453/3064/138639/25937/54935/221908/115704/9371/79598/79770/11092/26146/23268/55081/57562/84747/144535/51098/10096/199221/8100/85452/6103/95681/84223/129880/79925/83538/84100/93233/27077/55779/378/65062/11020/57639/89876/56171/91147/4117/154865/79989/51382/27285/29070/23322/55764/80217/51626/126820/200728/55130/23329/116143/57539/26074/339829/79645/55329/6674/200373/85478/2302/79846/345895/79583/149465/150737/161582/51473/257236/64446/55172/158297/647309",83
"GO:0010001","BP","GO:0010001","glial cell differentiation","63/2006","267/18986",0.235955056179775,2.23322168326481,6.97521153441562,6.04274247047439e-10,7.23074564016965e-07,6.38495251774967e-07,"84504/5354/4336/6900/93377/60484/116448/6663/10215/4118/4099/118738/2065/2840/63827/6279/6280/745/2670/30812/4137/9283/1840/1267/79628/84630/23418/5803/3766/80045/23500/5270/54209/1272/5209/7223/7133/57716/79152/650/7097/135/3949/27242/54468/20/4851/274/9334/4781/6774/4665/5604/8892/9463/56339/664/1445/3066/6692/146433/51176/6469",63
"GO:0007272","BP","GO:0007272","ensheathment of neurons","45/2006","160/18986",0.28125,2.6619204885344,7.25593073358861,4.81655517964396e-10,7.20436240995245e-07,6.3616553806929e-07,"84504/5653/5354/4336/6900/8537/6663/10215/4118/4155/4099/118738/2065/745/5129/7038/7368/79628/1890/5803/6334/3766/3687/51090/1272/7133/287/57716/7851/79152/23114/7097/23136/27242/54468/20/9334/5915/4665/5604/8892/5467/23191/84668/225",45
"GO:0008366","BP","GO:0008366","axon ensheathment","45/2006","160/18986",0.28125,2.6619204885344,7.25593073358861,4.81655517964396e-10,7.20436240995245e-07,6.3616553806929e-07,"84504/5653/5354/4336/6900/8537/6663/10215/4118/4155/4099/118738/2065/745/5129/7038/7368/79628/1890/5803/6334/3766/3687/51090/1272/7133/287/57716/7851/79152/23114/7097/23136/27242/54468/20/9334/5915/4665/5604/8892/5467/23191/84668/225",45
"GO:0042063","BP","GO:0042063","gliogenesis","78/2006","355/18986",0.219718309859155,2.07954727367194,7.05731789732227,2.22036312427733e-10,6.64872830326685e-07,5.87101477943582e-07,"84504/5354/4336/6900/93377/60484/116448/6663/4036/10215/4118/4099/118738/2065/2840/63827/6279/6280/374/745/2670/30812/4137/9283/1840/1267/79628/84630/23418/5803/57165/3766/9289/80045/23500/5270/147495/54209/1272/5209/7223/7133/57716/79152/650/7097/135/3949/8140/27242/7804/54468/25777/57178/20/4851/274/9334/4781/6774/4665/5604/8892/9463/56339/664/1445/4692/3066/3912/4323/6692/146433/4147/51176/1524/6469/6348",78
"GO:0044782","BP","GO:0044782","cilium organization","89/2006","427/18986",0.208430913348946,1.97271651088888,6.98754891994714,2.22253996432119e-10,6.64872830326685e-07,5.87101477943582e-07,"8632/221481/5992/5314/3766/3911/1952/4851/1453/3064/138639/25937/54935/221908/115704/9371/79598/79770/11092/26146/23268/55081/57562/84747/144535/51098/10096/199221/8100/85452/6103/95681/84223/129880/79925/83538/145483/84100/93233/27077/55779/378/65062/11020/57639/89876/56171/91147/4117/166379/154865/79989/51382/27285/29070/23322/92104/55764/80217/167691/51626/126820/200728/55130/23329/116143/57539/26074/339829/79645/55329/6674/200373/85478/2302/79846/345895/79583/128344/149465/150737/161582/51473/150082/257236/64446/55172/158297/647309",89
"GO:0099568","CC","GO:0099568","cytoplasmic region","70/2101","311/19960",0.22508038585209,2.13831723065574,6.93948313496594,5.39119805672331e-10,9.17851469157143e-08,7.98748554193479e-08,"8632/10382/81832/4137/3800/220004/57662/8541/120892/9026/10458/9783/27445/23095/23287/23332/5573/9371/11092/26146/55081/144535/199221/64800/85452/129880/83538/84100/93233/57639/89876/56171/4117/158787/93190/154865/55259/27285/29070/23322/92104/79882/80217/167691/51626/126820/55130/57539/26074/339829/55329/339778/1768/730112/146845/200373/84688/85478/345895/150737/440585/51473/201625/343521/389799/150082/257236/64446/50632/158297",70
"GO:0032838","CC","GO:0032838","plasma membrane bounded cell projection cytoplasm","66/2101","275/19960",0.24,2.28005711565921,7.33131419260513,9.46366671164966e-11,2.14825234354447e-08,1.8694892486522e-08,"8632/10382/81832/4137/3800/220004/57662/120892/9026/10458/23095/23287/5573/9371/11092/26146/55081/144535/199221/64800/85452/129880/83538/84100/93233/57639/89876/56171/4117/158787/93190/154865/55259/27285/29070/23322/92104/79882/80217/167691/51626/126820/55130/57539/26074/339829/55329/339778/1768/730112/146845/200373/84688/85478/345895/150737/440585/51473/201625/343521/389799/150082/257236/64446/50632/158297",66
"GO:0005930","CC","GO:0005930","axoneme","55/2101","187/19960",0.294117647058824,2.79418764173923,8.4548562421901,7.05366036928439e-13,3.05220391142977e-10,2.65614159074883e-10,"8632/10382/220004/57662/5573/11092/26146/55081/144535/199221/64800/85452/129880/83538/84100/93233/57639/89876/56171/4117/158787/93190/154865/55259/27285/29070/23322/92104/80217/167691/51626/126820/55130/57539/26074/339829/55329/339778/1768/730112/146845/200373/84688/85478/345895/150737/440585/51473/201625/343521/389799/150082/257236/64446/158297",55
"GO:0097014","CC","GO:0097014","ciliary plasm","55/2101","188/19960",0.292553191489362,2.77932494151721,8.40741987118368,8.96388813929447e-13,3.05220391142977e-10,2.65614159074883e-10,"8632/10382/220004/57662/5573/11092/26146/55081/144535/199221/64800/85452/129880/83538/84100/93233/57639/89876/56171/4117/158787/93190/154865/55259/27285/29070/23322/92104/80217/167691/51626/126820/55130/57539/26074/339829/55329/339778/1768/730112/146845/200373/84688/85478/345895/150737/440585/51473/201625/343521/389799/150082/257236/64446/158297",55
