"","category","subcategory","ID","Description","GeneRatio","BgRatio","RichFactor","FoldEnrichment","zScore","pvalue","p.adjust","qvalue","geneID","Count"
"hsa00330","Metabolism","Amino acid metabolism","hsa00330","Arginine and proline metabolism","14/921","50/9440",0.28,2.8699239956569,4.35887745773146,0.000210347409366539,0.0159917134207103,0.0135162159871638,"57571/84735/384/4846/4128/54498/283208/8974/5033/29920/6611/5832/113451/4953",14
"hsa00220","Metabolism","Amino acid metabolism","hsa00220","Arginine biosynthesis","6/921","23/9440",0.260869565217391,2.67384223197847,2.64253442066784,0.0200975797360497,0.163296693053521,0.138018567193843,"384/4846/100526760/445/2744/2747",6
"hsa00052","Metabolism","Carbohydrate metabolism","hsa00052","Galactose metabolism","8/921","32/9440",0.25,2.56243213897937,2.91089136341384,0.0100078939782233,0.108942788080456,0.092078579399271,"8972/3099/5214/2584/2548/2683/55276/80201",8
"hsa00010","Metabolism","Carbohydrate metabolism","hsa00010","Glycolysis / Gluconeogenesis","16/921","67/9440",0.238805970149254,2.44769637156238,3.90997587506959,0.000558425898983765,0.0316441342757467,0.0267456614776435,"5105/3099/3939/5214/2027/84532/230/2026/5106/7167/55902/55276/221/128/8789/80201",16
"hsa04923","Organismal Systems","Endocrine system","hsa04923","Regulation of lipolysis in adipocytes","14/921","59/9440",0.23728813559322,2.43213897937025,3.6281488993235,0.00129980250268245,0.0339948346855411,0.0287324763750858,"134/114/3991/5346/5140/196883/3643/8660/11343/57104/51099/5295/4886/5733",14
"hsa04066","Environmental Information Processing","Signal transduction","hsa04066","HIF-1 signaling pathway","26/921","110/9440",0.236363636363636,2.42266311321686,4.93464700165377,1.46090578038417e-05,0.00165569321776872,0.0013993939580522,"7018/7076/5054/3099/112399/4846/3939/5214/5163/2321/7422/3162/5209/2027/3643/230/1978/7010/2026/6774/5604/6513/5335/3480/5295/80201",26
"hsa00430","Metabolism","Metabolism of other amino acids","hsa00430","Taurine and hypotaurine metabolism","4/921","17/9440",0.235294117647059,2.41170083668647,1.91545095448561,0.0766793242320441,0.314108075167409,0.265484534119823,"339896/2328/2687/2326",4
"hsa03273",NA,NA,"hsa03273","Virion - Lassa virus and SFTS virus","4/921","17/9440",0.235294117647059,2.41170083668647,1.91545095448561,0.0766793242320441,0.314108075167409,0.265484534119823,"5101/79784/5099/30835",4
"hsa04152","Environmental Information Processing","Signal transduction","hsa04152","AMPK signaling pathway","28/921","122/9440",0.229508196721311,2.35239671775155,4.94334782391251,1.25465847732845e-05,0.00165569321776872,0.0013993939580522,"5105/5210/3991/6319/5522/8408/5214/5209/6720/2309/23417/3643/1978/8660/1375/5106/5526/2194/3480/200186/10645/79602/9230/64764/23216/5295/81617/8789",28
"hsa00051","Metabolism","Carbohydrate metabolism","hsa00051","Fructose and mannose metabolism","8/921","35/9440",0.228571428571429,2.34279509849542,2.6167538303966,0.0172571432553559,0.150446889918487,0.127157897671043,"3099/5210/5214/5209/230/7167/8789/80201",8
"hsa04330","Environmental Information Processing","Signal transduction","hsa04330","Notch signaling pathway","14/921","62/9440",0.225806451612903,2.31445483520717,3.41416808142572,0.0021571953641245,0.04314390728249,0.0364652838641479,"1840/4855/4242/23462/54567/7090/4851/2648/1488/1855/23013/9612/9794/3066",14
"hsa00410","Metabolism","Metabolism of other amino acids","hsa00410","beta-Alanine metabolism","7/921","31/9440",0.225806451612903,2.31445483520717,2.4102010980391,0.0269093649451296,0.186718042476409,0.157814320730835,"57571/84735/339896/54498/23417/1806/221",7
"hsa03320","Organismal Systems","Endocrine system","hsa03320","PPAR signaling pathway","17/921","76/9440",0.223684210526316,2.29270244013944,3.72025887360496,0.00084908121350729,0.0320764013991643,0.0271110141856714,"5105/51129/123/6319/729359/5346/6256/10580/7316/1375/5106/5467/2182/2180/5465/10999/335",17
"hsa00061","Metabolism","Lipid metabolism","hsa00061","Fatty acid biosynthesis","4/921","18/9440",0.222222222222222,2.27771745687055,1.78401306281894,0.0913031488262376,0.348798546077762,0.294804963093588,"55301/2194/2182/2180",4
"hsa04964","Organismal Systems","Excretory system","hsa04964","Proximal tubule bicarbonate reclamation","5/921","23/9440",0.217391304347826,2.22820185998206,1.93899139866642,0.0668743157188586,0.295289186291064,0.24957878593641,"5105/5106/2744/6550/2747",5
"hsa00533","Metabolism","Glycan biosynthesis and metabolism","hsa00533","Glycosaminoglycan biosynthesis - keratan sulfate","3/921","14/9440",0.214285714285714,2.19637040483946,1.47287014895647,0.149960725104765,0.461329915840681,0.389916616174941,"2683/93010/4166",3
"hsa04512","Environmental Information Processing","Signaling molecules and interaction","hsa04512","ECM-receptor interaction","19/921","89/9440",0.213483146067416,2.18814429845429,3.70282904900901,0.000795750117848439,0.0320764013991643,0.0271110141856714,"6696/7143/3371/3673/3690/8515/3678/3911/3674/960/1284/1282/7450/3685/3655/3912/6382/1297/158326",19
"hsa00562","Metabolism","Carbohydrate metabolism","hsa00562","Inositol phosphate metabolism","16/921","78/9440",0.205128205128205,2.10250842172666,3.21472181666462,0.00308389220300682,0.0551854394222273,0.046642801740768,"117283/9651/27124/5305/23396/3613/3705/5287/8871/80271/7167/3635/5335/3628/5297/79837",16
"hsa04931","Human Diseases","Endocrine and metabolic disease","hsa04931","Insulin resistance","22/921","109/9440",0.201834862385321,2.0687525525705,3.68998684830946,0.000718193487932382,0.0320764013991643,0.0271110141856714,"5105/183/4846/5507/6720/3643/5581/8660/1375/6196/5106/5580/6774/6513/200186/5836/5465/7132/10999/64764/5295/5770",22
"hsa04920","Organismal Systems","Endocrine system","hsa04920","Adipocytokine signaling pathway","14/921","70/9440",0.2,2.0499457111835,2.89897564976513,0.00689220273686404,0.093733957221351,0.0792240567226899,"5105/6256/7133/8660/1375/5106/6774/6513/2182/2180/5465/10645/79602/7132",14
"hsa00500","Metabolism","Carbohydrate metabolism","hsa00500","Starch and sucrose metabolism","8/921","40/9440",0.2,2.0499457111835,2.18791986670015,0.0366403210504236,0.222459092091857,0.188022700127174,"8972/3099/5836/2548/55276/280/2992/80201",8
"hsa00100","Metabolism","Lipid metabolism","hsa00100","Steroid biosynthesis","4/921","20/9440",0.2,2.0499457111835,1.54544975254478,0.12412364319101,0.414373187191185,0.350228730969639,"1718/1717/2222/7108",4
"hsa05032","Human Diseases","Substance dependence","hsa05032","Morphine addiction","18/921","91/9440",0.197802197802198,2.02741883523642,3.23805438339064,0.00267520602795296,0.0505316694168893,0.0427094295690736,"134/3765/114/2565/5138/5137/2564/5141/8622/5140/5153/2869/27115/196883/2788/2783/54331/50940",18
"hsa05230","Human Diseases","Cancer: overview","hsa05230","Central carbon metabolism in cancer","14/921","71/9440",0.197183098591549,2.02107323637809,2.83947433000125,0.00783648073035374,0.0962681893516781,0.0813659928576103,"3099/9123/3939/5214/5163/4609/8140/5604/6513/23410/2744/2263/5295/80201",14
"hsa04978","Organismal Systems","Digestive system","hsa04978","Mineral absorption","12/921","61/9440",0.19672131147541,2.01634004378705,2.61832881799179,0.0135390358009475,0.13357659031014,0.112899099550056,"7018/4501/4489/4502/3162/4499/4493/2512/540/6550/30061/10568",12
"hsa04979","Organismal Systems","Digestive system","hsa04979","Cholesterol metabolism","10/921","51/9440",0.196078431372549,2.00975069723872,2.37732238249645,0.0236174988506798,0.174488296301538,0.147477724118637,"4036/51129/344/9388/341/10948/3949/6272/949/335",10
"hsa03440","Genetic Information Processing","Replication and repair","hsa03440","Homologous recombination","8/921","41/9440",0.195121951219512,1.99994703530097,2.1097286455415,0.0417827292707805,0.229317466662204,0.193819406807374,"641/7517/5424/6117/5892/84142/5932/675",8
"hsa00512","Metabolism","Glycan biosynthesis and metabolism","hsa00512","Mucin type O-glycan biosynthesis","7/921","36/9440",0.194444444444444,1.99300277476173,1.96265471168714,0.0559962380102727,0.264426679492955,0.223493756970825,"26290/11226/114805/374378/9334/2589/2591",7
"hsa04981",NA,NA,"hsa04981","Folate transport and metabolism","6/921","31/9440",0.193548387096774,1.98381843017758,1.80394198200912,0.0755730406738009,0.314108075167409,0.265484534119823,"2346/8714/6472/11309/200895/2350",6
"hsa00514","Metabolism","Glycan biosynthesis and metabolism","hsa00514","Other types of O-glycan biosynthesis","9/921","47/9440",0.191489361702128,1.96271397879271,2.17541713362446,0.0355422341784726,0.219715629466922,0.185703922119101,"26290/11226/114805/23127/4242/374378/2683/2589/2591",9
"hsa04148","Cellular Processes","Transport and catabolism","hsa04148","Efferocytosis","30/921","157/9440",0.191082802547771,1.95854685781863,3.98214892569285,0.000235172256186916,0.0159917134207103,0.0135162159871638,"26762/384/89790/7301/3690/5603/1901/240/50636/6256/5175/1051/5600/4776/3685/9844/558/1375/5604/6513/5777/5467/23250/4772/27072/65082/286410/55754/4953/1524",30
"hsa00360","Metabolism","Amino acid metabolism","hsa00360","Phenylalanine metabolism","3/921","16/9440",0.1875,1.92182410423453,1.21335787084378,0.200298713448705,0.52928212229975,0.447349905225485,"4128/3242/221",3
"hsa04520","Cellular Processes","Cellular community - eukaryotes","hsa04520","Adherens junction","17/921","93/9440",0.182795698924731,1.87360629516771,2.78368190795313,0.00792796853484408,0.0962681893516781,0.0813659928576103,"29119/10580/5818/7454/3643/54922/87/10458/7048/5777/3480/10163/83605/5797/5906/5770/51176",17
"hsa00340","Metabolism","Amino acid metabolism","hsa00340","Histidine metabolism","4/921","22/9440",0.181818181818182,1.86358701016681,1.33332676621207,0.161144154178357,0.480605372110889,0.406208255685055,"57571/84735/4128/221",4
"hsa04061","Environmental Information Processing","Signaling molecules and interaction","hsa04061","Viral protein interaction with cytokine and cytokine receptor","18/921","100/9440",0.18,1.84495114006515,2.79290817460568,0.00753650288401503,0.0962681893516781,0.0813659928576103,"5473/8807/10344/1233/8809/7133/57007/8793/7132/146433/53832/1524/4283/6362/9560/6348/2919/414062",18
"hsa00670","Metabolism","Metabolism of cofactors and vitamins","hsa00670","One carbon pool by folate","7/921","39/9440",0.179487179487179,1.83969486901083,1.72768783622557,0.0802720231826646,0.324910570025071,0.274614816151221,"10797/6472/10768/10840/200895/29958/23382",7
"hsa04340","Environmental Information Processing","Signal transduction","hsa04340","Hedgehog signaling pathway","10/921","56/9440",0.178571428571429,1.83030867069955,2.04898173077868,0.0424267865590522,0.229317466662204,0.193819406807374,"4036/57467/1454/1453/132884/1452/84455/50937/84976/6469",10
"hsa04933","Human Diseases","Endocrine and metabolic disease","hsa04933","AGE-RAGE signaling pathway in diabetic complications","18/921","101/9440",0.178217821782178,1.8266842970942,2.7463044870447,0.00836081504618806,0.0980233488173773,0.0828494558115914,"5054/183/4846/5603/7422/7056/1284/1282/5600/5581/5580/6774/7048/5335/4772/6777/5295/6401",18
"hsa04150","Environmental Information Processing","Signal transduction","hsa04150","mTOR signaling pathway","28/921","158/9440",0.177215189873418,1.81640759218791,3.40261878451096,0.00128922979115602,0.0339948346855411,0.0287324763750858,"7484/54541/8408/8140/2887/64900/54468/3643/1978/729438/652968/6196/64798/1855/5604/3480/55615/220441/8131/7132/64121/5295/8323/6502/51382/7483/81617/2535",28
"hsa04710","Organismal Systems","Environmental adaptation","hsa04710","Circadian rhythm","6/921","34/9440",0.176470588235294,1.80877562751485,1.55332926903256,0.108098105457765,0.375034243424898,0.316979406981416,"1454/8553/5187/1453/9575/1407",6
"hsa04514","Environmental Information Processing","Signaling molecules and interaction","hsa04514","Cell adhesion molecules","28/921","160/9440",0.175,1.79370249728556,3.32921811455995,0.00156929463300445,0.0381114410872508,0.0322118372037755,"6900/3118/4099/4685/26050/64115/6402/1272/23114/5175/23308/5818/9369/3689/57555/6693/3685/90952/3384/3655/24146/3106/80381/5797/83692/6382/64101/6401",28
"hsa00515","Metabolism","Glycan biosynthesis and metabolism","hsa00515","Mannose type O-glycan biosynthesis","4/921","23/9440",0.173913043478261,1.78256148798565,1.235448376665,0.180990435959304,0.50439957562429,0.426319145961087,"27087/135152/2683/729920",4
"hsa01230","Metabolism","Global and overview maps","hsa01230","Biosynthesis of amino acids","13/921","75/9440",0.173333333333333,1.77661961635903,2.22015653437247,0.0282918628695765,0.19238466751312,0.162603759229355,"384/10993/5214/2027/586/100526760/6472/230/2026/7167/445/29920/5832",13
"hsa04913","Organismal Systems","Endocrine system","hsa04913","Ovarian steroidogenesis","9/921","52/9440",0.173076923076923,1.77399148083187,1.84013552986532,0.062274801543149,0.282312433662275,0.238610818544276,"114/240/3949/196883/3643/949/3480/340811/3973",9
"hsa04068","Environmental Information Processing","Signal transduction","hsa04068","FoxO signaling pathway","23/921","133/9440",0.172932330827068,1.77250944951956,2.95000847104847,0.0046004637542078,0.07448369887765,0.0629537145312646,"5105/8698/5603/1901/10912/114907/2309/1454/1032/5600/3643/8660/9455/5106/6774/7048/5604/3480/664/23710/5295/6502/23678",23
"hsa05222","Human Diseases","Cancer: specific types","hsa05222","Small cell lung cancer","16/921","93/9440",0.172043010752688,1.76339416015785,2.43249908342351,0.0172033745809891,0.150446889918487,0.127157897671043,"3673/10912/3911/4609/6256/3674/1284/1282/3685/3655/1871/5915/7709/5295/3912/6502",16
"hsa04666","Organismal Systems","Immune system","hsa04666","Fc gamma R-mediated phagocytosis","17/921","99/9440",0.171717171717172,1.76005439849088,2.49956299750828,0.0146053444145437,0.13421127299851,0.113435534144251,"2215/2214/23396/7454/65108/2212/5581/274/5580/9846/3635/5604/5335/10163/4651/10096/5295",17
"hsa04610","Organismal Systems","Immune system","hsa04610","Complement and coagulation cascades","15/921","88/9440",0.170454545454545,1.74711282203139,2.31512143454012,0.022326365970862,0.168705775925292,0.142590330735618,"5054/9002/5265/624/7056/5329/3687/5270/1604/5345/3689/7450/2149/727/2162",15
"hsa05224","Human Diseases","Cancer: specific types","hsa05224","Breast cancer","25/921","148/9440",0.168918918918919,1.73137306687795,2.94858545830999,0.00442020879263683,0.07448369887765,0.0629537145312646,"7484/2246/10912/2324/4609/4855/399694/23462/10023/54567/23401/4851/1871/1855/5604/3480/8312/1452/5295/8323/7483/2535/51176/8823/675",25
"hsa04151","Environmental Information Processing","Signal transduction","hsa04151","PI3K-Akt signaling pathway","61/921","362/9440",0.168508287292818,1.72716420417394,4.63863485497663,1.27800910268487e-05,0.00165569321776872,0.0013993939580522,"6696/5105/2065/374/54541/7143/5228/4803/4846/3371/4902/5522/3673/3690/2321/2246/1441/7422/8515/3718/3678/3911/2324/4609/6256/2309/3674/9180/7097/23533/1969/1284/1942/1282/29941/3566/3643/7450/1978/3685/896/2788/7010/2149/3655/7533/5106/5526/5604/3480/200186/64764/2783/2263/5295/3912/23678/2690/1297/54331/8823",61
"hsa04668","Environmental Information Processing","Signal transduction","hsa04668","TNF signaling pathway","20/921","119/9440",0.168067226890756,1.72264345477605,2.60834358972284,0.0107936509847649,0.111207313176366,0.0939925588146992,"8809/64127/5603/197259/602/7133/1051/5600/1326/79651/83786/8837/5604/7132/64764/257397/5295/4323/6401/2919",20
"hsa04510","Cellular Processes","Cellular community - eukaryotes","hsa04510","Focal adhesion","34/921","203/9440",0.167487684729064,1.71670330493199,3.39406732916622,0.00116344458397558,0.0339948346855411,0.0287324763750858,"6696/5923/7143/5228/3371/91807/3673/3690/2321/7422/8515/3678/3911/2324/23396/3674/64098/399694/1284/1282/7450/3685/896/87/3655/29780/5604/5829/3480/5906/5295/3912/56924/1297",34
"hsa04216","Cellular Processes","Cell growth and death","hsa04216","Ferroptosis","7/921","42/9440",0.166666666666667,1.70828809265291,1.51256958965192,0.109752079651745,0.376926334157508,0.318578604411764,"7018/3162/2512/23516/2182/2180/30061",7
"hsa00350","Metabolism","Amino acid metabolism","hsa00350","Tyrosine metabolism","6/921","36/9440",0.166666666666667,1.70828809265291,1.39992052148162,0.133175051131022,0.423173059668667,0.357666394085282,"5409/4128/3242/221/128/220074",6
"hsa00130","Metabolism","Metabolism of cofactors and vitamins","hsa00130","Ubiquinone and other terpenoid-quinone biosynthesis","2/921","12/9440",0.166666666666667,1.70828809265291,0.807215097243216,0.329787832179479,0.673975113114709,0.569644600248655,"3242/51117",2
"hsa03265","Genetic Information Processing","Information processing in viruses","hsa03265","Virion - Ebolavirus, Lyssavirus and Morbillivirus","2/921","12/9440",0.166666666666667,1.70828809265291,0.807215097243216,0.329787832179479,0.673975113114709,0.569644600248655,"4685/30835",2
"hsa04062","Organismal Systems","Immune system","hsa04062","Chemokine signaling pathway","32/921","193/9440",0.16580310880829,1.69943685901222,3.22793841095143,0.00189650987618491,0.0429875571935247,0.036333136575332,"5473/10344/114/2268/1233/3718/2309/399694/2869/23533/7454/57580/196883/2788/9844/5580/6774/5604/5335/5829/5906/6777/2783/5295/54331/1524/4283/6362/9560/6348/2919/414062",32
"hsa04390","Environmental Information Processing","Signal transduction","hsa04390","Hippo signaling pathway","26/921","157/9440",0.165605095541401,1.69740727677614,2.89728104091285,0.00491108307920709,0.075898556678655,0.0641495540968199,"7484/374/5054/29119/5522/23418/2246/4609/1454/650/3689/85409/896/1453/7533/4092/25937/7048/50855/1855/8312/8323/7483/2535/84962/51176",26
"hsa04015","Environmental Information Processing","Signal transduction","hsa04015","Rap1 signaling pathway","35/921","212/9440",0.165094339622642,1.69217216725053,3.35140388350068,0.00128671146040705,0.0339948346855411,0.0287324763750858,"9002/114/5228/4803/3690/2321/2246/5603/7422/2324/3674/135/1969/1942/5600/9771/3689/196883/3643/6494/7010/2149/64411/50855/5604/5335/54518/3480/5216/9732/5906/2263/5295/5217/8823",35
"hsa05140","Human Diseases","Infectious disease: parasitic","hsa05140","Leishmaniasis","13/921","79/9440",0.164556962025316,1.68666419274591,2.01509406087879,0.0412183559983353,0.229317466662204,0.193819406807374,"3118/2215/5603/2214/7097/4688/5600/65108/2212/3689/3654/5777/1915",13
"hsa05223","Human Diseases","Cancer: specific types","hsa05223","Non-small cell lung cancer","12/921","73/9440",0.164383561643836,1.68488688590424,1.93142798380436,0.0489451537691501,0.248378392261359,0.209929724728641,"3800/10912/3718/6256/2309/1871/5915/6774/5604/5335/6777/5295",12
"hsa00250","Metabolism","Amino acid metabolism","hsa00250","Alanine, aspartate and glutamate metabolism","6/921","37/9440",0.162162162162162,1.66211814420283,1.3267882969545,0.146659449216573,0.45746984159298,0.386654076640506,"122622/2346/445/2744/339983/2747",6
"hsa05216","Human Diseases","Cancer: specific types","hsa05216","Thyroid cancer","6/921","37/9440",0.162162162162162,1.66211814420283,1.3267882969545,0.146659449216573,0.45746984159298,0.386654076640506,"10912/4609/6256/5604/10342/51176",6
"hsa05221","Human Diseases","Cancer: specific types","hsa05221","Acute myeloid leukemia","11/921","68/9440",0.161764705882353,1.65804432522195,1.79057272034257,0.063653662811081,0.284766386260099,0.240684902318908,"597/7704/4609/1848/1978/6774/5604/5467/6777/5295/51176",11
"hsa04213","Organismal Systems","Aging","hsa04213","Longevity regulating pathway - multiple species","10/921","62/9440",0.161290322580645,1.65318202514798,1.69657652883126,0.0759843704023098,0.314108075167409,0.265484534119823,"114/1410/2309/196883/3643/8660/3480/3305/3066/5295",10
"hsa04310","Environmental Information Processing","Signal transduction","hsa04310","Wnt signaling pathway","28/921","174/9440",0.160919540229885,1.64938160669936,2.84267335372776,0.00541726546213336,0.0800813155271887,0.0676848270554877,"7484/29964/23500/147495/4609/1454/10023/85409/4776/896/23401/7090/1488/1855/5467/8312/4772/1452/79718/8323/5533/2239/7483/2535/51176/6423/84870/6424",28
"hsa05226","Human Diseases","Cancer: specific types","hsa05226","Gastric cancer","24/921","150/9440",0.16,1.6399565689468,2.59768671233467,0.0102534388781606,0.108942788080456,0.092078579399271,"7484/29119/2246/10912/4609/6256/399694/10023/23401/1871/5915/7048/1855/5604/8312/1452/2263/5295/8323/7483/2535/51176/8823/6469",24
"hsa04910","Organismal Systems","Endocrine system","hsa04910","Insulin signaling pathway","22/921","138/9440",0.159420289855072,1.63401469732018,2.4668866809268,0.0141434036798972,0.13357659031014,0.112899099550056,"5105/3099/3991/10603/5507/6720/10580/5140/399694/3643/868/1978/8660/5106/5604/2194/5836/5573/5295/5770/8789/80201",22
"hsa05135","Human Diseases","Infectious disease: bacterial","hsa05135","Yersinia infection","22/921","138/9440",0.159420289855072,1.63401469732018,2.4668866809268,0.0141434036798972,0.13357659031014,0.112899099550056,"4210/58484/5603/3678/23396/7454/5600/2212/8935/9844/6196/10458/3654/5604/5335/5829/148022/10163/8874/4772/10096/5295",22
"hsa04611","Organismal Systems","Immune system","hsa04611","Platelet activation","20/921","126/9440",0.158730158730159,1.62694104062182,2.32939079637288,0.019555136903227,0.163296693053521,0.138018567193843,"9002/114/4846/91807/3673/3690/5603/3674/23533/5600/6916/2212/196883/7450/2149/54518/84876/6786/5906/5295",20
"hsa05217","Human Diseases","Cancer: specific types","hsa05217","Basal cell carcinoma","10/921","63/9440",0.158730158730159,1.62694104062182,1.64158553328919,0.082831795101648,0.330983453694063,0.279747624948852,"7484/10912/650/1855/8312/8323/7483/2535/51176/6469",10
"hsa00520","Metabolism","Carbohydrate metabolism","hsa00520","Amino sugar and nucleotide sugar metabolism","6/921","38/9440",0.157894736842105,1.6183781930396,1.25584008111897,0.160733601498943,0.480605372110889,0.406208255685055,"1118/3099/2584/55276/5238/80201",6
"hsa00630","Metabolism","Carbohydrate metabolism","hsa00630","Glyoxylate and dicarboxylate metabolism","5/921","32/9440",0.15625,1.60152008686211,1.12066283205787,0.197115712117735,0.52928212229975,0.447349905225485,"84532/125061/6472/55902/5095",5
"hsa00640","Metabolism","Carbohydrate metabolism","hsa00640","Propanoate metabolism","5/921","32/9440",0.15625,1.60152008686211,1.12066283205787,0.197115712117735,0.52928212229975,0.447349905225485,"3939/84532/23417/55902/5095",5
"hsa05142","Human Diseases","Infectious disease: parasitic","hsa05142","Chagas disease","16/921","103/9440",0.155339805825243,1.59219084363767,1.98689592969194,0.0408151674865137,0.229317466662204,0.193819406807374,"5054/5522/624/5603/9630/7097/5600/8837/7048/3654/148022/2767/7132/5295/6348/414062",16
"hsa04927","Organismal Systems","Endocrine system","hsa04927","Cortisol synthesis and secretion","10/921","65/9440",0.153846153846154,1.576881316295,1.53446155756099,0.0976216478191934,0.359236516981083,0.303627149027355,"114/183/1589/8622/3949/196883/949/84876/2767/64764",10
"hsa04070","Environmental Information Processing","Signal transduction","hsa04070","Phosphatidylinositol signaling system","15/921","98/9440",0.153061224489796,1.56883600345676,1.86113845170106,0.0520375623449164,0.258344477168162,0.218353072033771,"117283/5305/23396/3613/3705/1608/5287/8871/80271/3635/5335/3628/5297/79837/5295",15
"hsa04550","Cellular Processes","Cellular community - eukaryotes","hsa04550","Signaling pathways regulating pluripotency of stem cells","22/921","144/9440",0.152777777777778,1.5659307515985,2.25006456812223,0.022328705637171,0.168705775925292,0.142590330735618,"7484/3625/5603/2103/3718/4609/5600/6774/1855/3720/5604/3480/8312/2263/5978/90/5295/8323/7547/7483/2535/5013",22
"hsa04936","Human Diseases","Endocrine and metabolic disease","hsa04936","Alcoholic liver disease","22/921","144/9440",0.152777777777778,1.5659307515985,2.25006456812223,0.022328705637171,0.168705775925292,0.142590330735618,"6319/5603/6720/9641/2309/23417/5600/64900/1375/23765/3654/2194/148022/5465/10645/79602/7132/257397/727/128/51176/2919",22
"hsa04012","Environmental Information Processing","Signal transduction","hsa04012","ErbB signaling pathway","13/921","86/9440",0.151162790697674,1.54937757240613,1.68275142817273,0.0728946187016424,0.31372367542479,0.265159638981324,"2065/374/4609/399694/868/1978/27/5604/5335/6777/5295/56924/685",13
"hsa05412","Human Diseases","Cardiovascular disease","hsa05412","Arrhythmogenic right ventricular cardiomyopathy","13/921","86/9440",0.151162790697674,1.54937757240613,1.68275142817273,0.0728946187016424,0.31372367542479,0.265159638981324,"29119/3673/93589/3690/8515/3678/3674/3685/782/3655/1824/51176/27092",13
"hsa04810","Cellular Processes","Cell motility","hsa04810","Regulation of actin cytoskeleton","35/921","232/9440",0.150862068965517,1.54629525628065,2.77004781400313,0.00589864829294336,0.0835641841500309,0.0706285519286639,"91807/3673/624/3690/2246/3687/8515/3678/5305/23396/3674/81553/3689/50649/3685/87/2149/3655/10458/85464/5604/5829/10163/5216/8874/23191/2263/79837/10096/79784/5295/727/56924/5217/8823",35
"hsa04722","Organismal Systems","Nervous system","hsa04722","Neurotrophin signaling pathway","18/921","120/9440",0.15,1.53745928338762,1.94816947638424,0.0424911776462319,0.229317466662204,0.193819406807374,"4803/5603/10603/11213/2309/399694/5600/6272/397/6196/5580/3654/5604/5335/10019/5906/5295/27018",18
"hsa04640","Organismal Systems","Immune system","hsa04640","Hematopoietic cell lineage","15/921","100/9440",0.15,1.53745928338762,1.77652216195041,0.0602768775656965,0.280741621538861,0.237283166192288,"3118/7850/912/952/3673/3690/1441/3678/924/3674/960/1604/3566/951/3655",15
"hsa01521","Human Diseases","Drug resistance: antineoplastic","hsa01521","EGFR tyrosine kinase inhibitor resistance","12/921","80/9440",0.15,1.53745928338762,1.58727120201568,0.0864874381714859,0.337996884808106,0.285675385611805,"2065/7422/2309/399694/1978/558/6774/5604/5335/3480/2263/5295",12
"hsa04370","Environmental Information Processing","Signal transduction","hsa04370","VEGF signaling pathway","9/921","60/9440",0.15,1.53745928338762,1.37315092489453,0.126337629364445,0.414373187191185,0.350228730969639,"4846/5603/7422/5600/5604/5335/5829/5295/5533",9
"hsa04930","Human Diseases","Endocrine and metabolic disease","hsa04930","Type II diabetes mellitus","7/921","47/9440",0.148936170212766,1.52655531683877,1.18984192946758,0.169678939011162,0.492293981501089,0.41608748281671,"3099/3643/5581/8660/5580/5295/80201",7
"hsa00230","Metabolism","Nucleotide metabolism","hsa00230","Purine metabolism","19/921","128/9440",0.1484375,1.521444082519,1.952943790035,0.0415543501498985,0.229317466662204,0.193819406807374,"122622/114/5138/5137/5141/8622/5140/55821/5153/3614/205/9060/27115/196883/4860/55276/221264/51292/50940",19
"hsa05418","Human Diseases","Cardiovascular disease","hsa05418","Fluid shear stress and atherosclerosis","21/921","142/9440",0.147887323943662,1.51580492728357,2.03626073438732,0.0346107990441388,0.219715629466922,0.185703922119101,"7850/4846/3690/5603/7422/7056/3162/3674/5175/4257/4688/5600/3685/7132/445/90/5295/2946/6382/119391/6401",21
"hsa04919","Organismal Systems","Endocrine system","hsa04919","Thyroid hormone signaling pathway","18/921","122/9440",0.147540983606557,1.51225503284028,1.87242010324403,0.0487936074442506,0.248378392261359,0.209929724728641,"1827/5214/3690/4609/6256/4855/3685/4851/2648/5604/6513/5335/7067/23389/9611/3066/5295/6567",18
"hsa05165","Human Diseases","Infectious disease: viral","hsa05165","Human papillomavirus infection","49/921","333/9440",0.147147147147147,1.50821831603591,3.10443992666245,0.00214808642908921,0.04314390728249,0.0364652838641479,"6696/7484/7143/3371/5522/3673/3690/7422/8515/3678/3911/10312/4855/9641/3674/4242/4600/1284/1282/55502/23462/7450/1978/3685/896/3655/4851/5526/50855/1855/5604/23352/5829/3106/148022/8312/7132/64764/1452/9794/1108/3066/5295/8323/3912/51382/7483/1297/2535",49
"hsa05225","Human Diseases","Cancer: specific types","hsa05225","Hepatocellular carcinoma","25/921","170/9440",0.147058823529412,1.50731302292904,2.19461884239183,0.0241204409593302,0.174488296301538,0.147477724118637,"7484/3162/10912/4609/4257/399694/10023/23401/1871/7048/1855/5604/5335/3480/8312/1452/6595/5295/2946/8323/7483/86/2535/51176/119391",25
"hsa04360","Organismal Systems","Development and regeneration","hsa04360","Axon guidance","27/921","184/9440",0.146739130434783,1.50403625548789,2.27016547231672,0.0201719444360232,0.163296693053521,0.138018567193843,"56896/5365/9723/90249/2046/7223/1969/1942/6405/57522/4776/54910/5362/85464/10507/50855/1808/5335/2050/5295/5533/9860/56924/59277/64101/7225/6469",27
"hsa04145","Cellular Processes","Transport and catabolism","hsa04145","Phagosome","23/921","159/9440",0.144654088050314,1.48266513701951,2.01811358386776,0.0350517696134167,0.219715629466922,0.185703922119101,"10382/3118/2204/81027/2215/347733/3673/3690/2214/3678/10312/4481/7097/4688/2212/3689/3685/949/3106/6890/51382/30835/6441",23
"hsa04022","Environmental Information Processing","Signal transduction","hsa04022","cGMP-PKG signaling pathway","24/921","166/9440",0.144578313253012,1.48188846591578,2.05951770014811,0.0319950080238634,0.213300053492423,0.180281469360469,"134/114/4846/91807/624/5138/140/27345/5140/23533/196883/3643/4776/5581/3779/8660/1910/5604/2767/4772/64764/150/5533/7225",24
"hsa04211","Organismal Systems","Aging","hsa04211","Longevity regulating pathway","13/921","90/9440",0.144444444444444,1.48051634696586,1.50599009357194,0.0966381412118789,0.359236516981083,0.303627149027355,"114/8408/2309/196883/3643/1978/8660/3480/10645/79602/64764/5295/9365",13
"hsa05220","Human Diseases","Cancer: specific types","hsa05220","Chronic myeloid leukemia","11/921","77/9440",0.142857142857143,1.46424693655964,1.34488576420235,0.126749445493774,0.414373187191185,0.350228730969639,"10912/4609/399694/1871/9846/1488/7048/5604/6777/3066/5295",11
"hsa05134","Human Diseases","Infectious disease: bacterial","hsa05134","Legionellosis","8/921","56/9440",0.142857142857143,1.46424693655964,1.14563839346546,0.175499353129303,0.497248167199692,0.420274766704383,"58484/7097/3689/3297/664/3305/1915/2919",8
"hsa00532","Metabolism","Glycan biosynthesis and metabolism","hsa00532","Glycosaminoglycan biosynthesis - chondroitin sulfate / dermatan sulfate","3/921","21/9440",0.142857142857143,1.46424693655964,0.700252704092726,0.336987556557355,0.673975113114709,0.569644600248655,"55790/22856/29940",3
"hsa00770","Metabolism","Metabolism of cofactors and vitamins","hsa00770","Pantothenate and CoA biosynthesis","3/921","21/9440",0.142857142857143,1.46424693655964,0.700252704092726,0.336987556557355,0.673975113114709,0.569644600248655,"339896/586/1806",3
"hsa04814","Cellular Processes","Cell motility","hsa04814","Motor proteins","28/921","197/9440",0.142131979695431,1.45681421099335,2.13041760089179,0.0267267112449685,0.186718042476409,0.157814320730835,"8632/10382/81027/3800/347733/4542/64005/4650/51168/90990/80022/23095/4644/4641/4651/63971/9371/79784/56171/51626/126820/64147/3832/1768/200132/201625/343521/64446",28
"hsa04934","Human Diseases","Endocrine and metabolic disease","hsa04934","Cushing syndrome","22/921","155/9440",0.141935483870968,1.45480018213022,1.87712858845264,0.0462556762639751,0.241952768150024,0.204498779272311,"7484/114/183/1589/51655/8622/3949/196883/1871/949/1855/5604/84876/2767/8312/5906/64764/8323/7483/2535/51176/50940",22
"hsa01522","Human Diseases","Drug resistance: antineoplastic","hsa01522","Endocrine resistance","14/921","99/9440",0.141414141414141,1.44945656346308,1.47811129999404,0.0995507111378205,0.360077040285734,0.304337560365341,"114/2852/5603/4855/399694/5600/196883/54567/4851/1871/5604/3480/9611/5295",14
"hsa04010","Environmental Information Processing","Signal transduction","hsa04010","MAPK signaling pathway","42/921","300/9440",0.14,1.43496199782845,2.51731372256248,0.0102301023669277,0.108942788080456,0.092078579399271,"2065/5923/374/4137/5228/4803/4902/93589/2321/2246/5603/7422/10912/2324/9064/4609/1848/1969/1942/5600/1326/3643/7010/782/9479/9448/6196/7048/3654/5604/3480/5871/7132/4772/5906/5536/2263/3305/84451/5533/8823/27092",42
"hsa04658","Organismal Systems","Immune system","hsa04658","Th1 and Th2 cell differentiation","13/921","93/9440",0.139784946236559,1.43275775512825,1.37895060983467,0.117218551491326,0.39854307507051,0.336849100601391,"3118/5603/3718/5600/3566/6778/54567/4851/5335/4772/6777/9794/5533",13
"hsa00513","Metabolism","Glycan biosynthesis and metabolism","hsa00513","Various types of N-glycan biosynthesis","6/921","43/9440",0.13953488372093,1.43019468222104,0.929615060483393,0.238660458525221,0.596651146313052,0.50429028775066,"83539/284004/283358/4122/11282/2683",6
"hsa04071","Environmental Information Processing","Signal transduction","hsa04071","Sphingolipid signaling pathway","17/921","122/9440",0.139344262295082,1.42824086434916,1.56532733117718,0.0837193441696748,0.330983453694063,0.279747624948852,"53637/134/4846/5522/1903/624/140/8698/5603/1901/5600/5581/9846/5526/5604/7132/5295",17
"hsa04929","Organismal Systems","Endocrine system","hsa04929","GnRH secretion","9/921","65/9440",0.138461538461538,1.4191931846655,1.11502281126374,0.179246272446078,0.503667211831955,0.425700151176854,"6696/3765/2852/610/3783/7223/5604/2767/5295",9
"hsa05167","Human Diseases","Infectious disease: viral","hsa05167","Kaposi sarcoma-associated herpesvirus infection","27/921","196/9440",0.137755102040816,1.41195240311108,1.91621222676792,0.041188284655676,0.229317466662204,0.193819406807374,"1233/1827/5603/7422/4609/9641/23533/7316/57580/3665/5600/4776/2788/1871/6774/5604/5335/3106/148022/7132/4772/2783/5295/5533/54331/51176/2919",27
"hsa04620","Organismal Systems","Immune system","hsa04620","Toll-like receptor signaling pathway","15/921","109/9440",0.137614678899083,1.41051310402534,1.41734206975125,0.108065370048634,0.375034243424898,0.316979406981416,"6696/5603/9641/7097/3665/5600/1326/3654/5604/148022/5295/4283/9560/6348/414062",15
"hsa01200","Metabolism","Global and overview maps","hsa01200","Carbon metabolism","16/921","117/9440",0.136752136752137,1.40167228115111,1.43742584915964,0.10369279196188,0.367245304864992,0.310396186464839,"3099/10993/5214/2027/84532/6472/230/2026/7167/55902/5095/4967/2747/128/8789/80201",16
"hsa05321","Human Diseases","Immune disease","hsa05321","Inflammatory bowel disease","9/921","66/9440",0.136363636363636,1.39769025762511,1.06598954252159,0.190880616837107,0.527637477435905,0.445959849349852,"3118/8807/8809/64127/7097/3566/6778/6774/4772",9
"hsa03022","Genetic Information Processing","Transcription","hsa03022","Basal transcription factors","6/921","44/9440",0.136363636363636,1.39769025762511,0.869357259958639,0.255472185240912,0.601446100344583,0.508342988836133,"6874/129685/6879/2966/1022/6875",6
"hsa05146","Human Diseases","Infectious disease: parasitic","hsa05146","Amoebiasis","14/921","103/9440",0.135922330097087,1.39316698818296,1.31913874877121,0.126569604298645,0.414373187191185,0.350228730969639,"7850/384/912/9630/3911/7097/1284/1282/3689/87/2767/5295/3912/2919",14
"hsa05213","Human Diseases","Cancer: specific types","hsa05213","Endometrial cancer","8/921","59/9440",0.135593220338983,1.38979370249729,0.987494658724137,0.213926845523753,0.551023693015728,0.465725907719176,"29119/10912/4609/2309/5604/8312/5295/51176",8
"hsa01250","Metabolism","Global and overview maps","hsa01250","Biosynthesis of nucleotide sugars","5/921","37/9440",0.135135135135135,1.38509845350236,0.771681195804365,0.291134617241815,0.646965816092921,0.546816308957794,"3099/2584/55276/5238/80201",5
"hsa00270","Metabolism","Amino acid metabolism","hsa00270","Cysteine and methionine metabolism","7/921","52/9440",0.134615384615385,1.37977115175812,0.902891578104845,0.240806994549318,0.597029526766732,0.504610095378693,"10993/3939/586/10768/6611/55256/23382",7
"hsa05166","Human Diseases","Infectious disease: viral","hsa05166","Human T-cell leukemia virus 1 infection","30/921","224/9440",0.133928571428571,1.37273150302466,1.85629662788783,0.0452631113380036,0.240460278983144,0.203237325580181,"3118/7850/114/3718/4609/3601/11200/3689/2114/196883/4776/896/2648/1871/7048/5604/6513/3106/200186/7132/4772/6777/64764/8697/64682/4487/5295/5533/4488/701",30
"hsa05235","Human Diseases","Cancer: overview","hsa05235","PD-L1 expression and PD-1 checkpoint pathway in cancer","12/921","90/9440",0.133333333333333,1.36663047412233,1.14905947636584,0.164490413333568,0.486319482899245,0.411037829199671,"5603/7097/5600/6774/5604/5335/5777/148022/4772/5295/5533/55509",12
"hsa02010","Environmental Information Processing","Membrane transport","hsa02010","ABC transporters","6/921","45/9440",0.133333333333333,1.36663047412233,0.810559544647116,0.272592212279516,0.634803782020791,0.536536942698688,"8714/20/10058/23456/6890/225",6
"hsa00020","Metabolism","Carbohydrate metabolism","hsa00020","Citrate cycle (TCA cycle)","4/921","30/9440",0.133333333333333,1.36663047412233,0.661291400468959,0.335269359891788,0.673975113114709,0.569644600248655,"5105/47/5106/4967",4
"hsa01523","Human Diseases","Drug resistance: antineoplastic","hsa01523","Antifolate resistance","4/921","30/9440",0.133333333333333,1.36663047412233,0.661291400468959,0.335269359891788,0.673975113114709,0.569644600248655,"8714/6472/200895/2350",4
"hsa04110","Cellular Processes","Cell growth and death","hsa04110","Cell cycle","21/921","158/9440",0.132911392405063,1.36230569414093,1.51001555156468,0.0885497077002855,0.342123870660194,0.289163519164808,"1028/10912/4609/1032/11200/896/1871/7533/5526/7709/8697/23047/55869/64682/3066/7029/5001/6502/1022/27085/701",21
"hsa04380","Organismal Systems","Development and regeneration","hsa04380","Osteoclast differentiation","19/921","143/9440",0.132867132867133,1.36185204589113,1.43359386810736,0.101626073095475,0.363714366868017,0.307411833297116,"353514/11025/2215/4982/3690/5603/2214/54209/4688/5600/2212/29760/9846/7048/5604/7132/4772/5295/5533",19
"hsa04081",NA,NA,"hsa04081","Hormone signaling","29/921","219/9440",0.132420091324201,1.35726999142286,1.75884709169368,0.054623543490191,0.261577532206549,0.221085654155999,"114/183/2847/2696/2852/3690/885/9630/196883/3643/3685/2788/8660/6774/3480/2767/79602/7067/6777/2783/90/5295/150/6567/2690/30061/54331/4883/3973",29
"hsa05205","Human Diseases","Cancer: overview","hsa05205","Proteoglycans in cancer","27/921","204/9440",0.132352941176471,1.35658172063614,1.69289762958851,0.0622747967928542,0.282312433662275,0.238610818544276,"2065/7484/3673/3690/5603/7422/5329/3678/4609/287/3059/7097/960/5600/3685/6774/5604/5335/5777/5829/3480/5295/8323/7483/6382/2535/6469",27
"hsa05163","Human Diseases","Infectious disease: viral","hsa05163","Human cytomegalovirus infection","30/921","227/9440",0.13215859030837,1.3545896769935,1.77802138485289,0.0524287321311858,0.258344477168162,0.218353072033771,"114/3690/5603/7422/4609/5600/196883/4776/1978/3685/2788/1871/6774/5604/5829/3106/2767/7132/4772/64764/6890/2783/5295/340061/5533/54331/5733/9560/6348/414062",30
"hsa05160","Human Diseases","Infectious disease: viral","hsa05160","Hepatitis C","21/921","159/9440",0.132075471698113,1.35373773380042,1.47904389804804,0.0931335638566251,0.351837907902806,0.297373835472031,"5522/4609/6256/9641/3949/4600/3665/1871/7533/949/24146/8837/6774/5604/148022/5465/7132/23586/5295/3434/91543",21
"hsa04060","Environmental Information Processing","Signaling molecules and interaction","hsa04060","Cytokine-cytokine receptor interaction","39/921","298/9440",0.130872483221477,1.341407428459,1.969060177249,0.0346321151674148,0.219715629466922,0.185703922119101,"5473/9173/7850/8807/10344/3625/1233/4803/8809/4982/1441/9518/7133/51330/57007/3601/9180/9466/650/27242/3566/285613/8793/944/23765/7048/7132/1489/90/2690/146433/53832/1524/4283/6362/9560/6348/2919/414062",39
"hsa04926","Organismal Systems","Endocrine system","hsa04926","Relaxin signaling pathway","17/921","130/9440",0.130769230769231,1.34034911885075,1.28475396079896,0.129577658286132,0.416322173780295,0.351876016848361,"114/4846/5603/7422/399694/1284/1282/5600/196883/2788/1910/7048/5604/64764/2783/5295/54331",17
"hsa04664","Organismal Systems","Immune system","hsa04664","Fc epsilon RI signaling pathway","9/921","69/9440",0.130434782608696,1.33692111598924,0.923545520099634,0.227616031276788,0.57325518988228,0.484515996402051,"5603/240/241/5600/9846/3635/5604/5335/5295",9
"hsa04614","Organismal Systems","Endocrine system","hsa04614","Renin-angiotensin system","3/921","23/9440",0.130434782608696,1.33692111598924,0.531905354663574,0.392316584552723,0.733329709437765,0.619811178565046,"183/2028/59272",3
"hsa04140","Cellular Processes","Transport and catabolism","hsa04140","Autophagy - animal","22/921","169/9440",0.130177514792899,1.33428419071115,1.44176473550366,0.0982617531742374,0.359236516981083,0.303627149027355,"54541/8408/118471/7316/8660/2081/64798/5580/8837/26100/89849/5604/3480/10645/664/4077/23710/27072/65082/64121/5295/7405",22
"hsa04020","Environmental Information Processing","Signal transduction","hsa04020","Calcium signaling pathway","33/921","254/9440",0.12992125984252,1.33165764702865,1.76174136719981,0.0532145507285754,0.258470674967366,0.218459734569941,"2065/114/4803/844/4846/952/91807/624/5137/2321/2246/7422/9630/2324/135/5153/196883/4776/2149/1910/80271/5335/84876/6786/2767/4772/2263/5533/255231/8823/5733/3356/3973",33
"hsa04670","Organismal Systems","Immune system","hsa04670","Leukocyte transendothelial migration","15/921","116/9440",0.129310344827586,1.32539593395485,1.15941384739543,0.157600615862775,0.478430441011996,0.404370001226857,"29119/5603/5175/4688/5600/3689/6494/90952/87/24146/5335/5829/5906/83692/5295",15
"hsa00030","Metabolism","Carbohydrate metabolism","hsa00030","Pentose phosphate pathway","4/921","31/9440",0.129032258064516,1.32254562011838,0.591423749949162,0.358315379179534,0.701430814204478,0.592850192810596,"5214/230/55276/8789",4
"hsa04659","Organismal Systems","Immune system","hsa04659","Th17 cell differentiation","14/921","109/9440",0.128440366972477,1.31647889709032,1.09267852995722,0.174114172011155,0.497248167199692,0.420274766704383,"3118/5603/3718/6256/9466/5600/3566/6778/6774/7048/5335/4772/6777/5533",14
"hsa00620","Metabolism","Carbohydrate metabolism","hsa00620","Pyruvate metabolism","6/921","47/9440",0.127659574468085,1.30847598586181,0.697054327389136,0.307580981442425,0.666098940703342,0.562987649572793,"5105/3939/84532/5106/55902/128",6
"hsa04218","Cellular Processes","Cell growth and death","hsa04218","Cellular senescence","20/921","157/9440",0.127388535031847,1.30569790521242,1.26997921374285,0.129794560060915,0.416322173780295,0.351876016848361,"5054/5603/10912/4609/2309/28996/5600/11200/4776/1978/896/1871/678/7048/5604/3106/10758/4772/5295/5533",20
"hsa04917","Organismal Systems","Endocrine system","hsa04917","Prolactin signaling pathway","9/921","71/9440",0.126760563380282,1.29926136624306,0.832207658700812,0.253455680761695,0.601446100344583,0.508342988836133,"5603/2309/399694/5600/6774/5604/6777/5295/3973",9
"hsa05120","Human Diseases","Infectious disease: bacterial","hsa05120","Epithelial cell signaling in Helicobacter pylori infection","9/921","71/9440",0.126760563380282,1.29926136624306,0.832207658700812,0.253455680761695,0.601446100344583,0.508342988836133,"5803/5603/10312/5600/10392/5335/1445/51382/2919",9
"hsa05145","Human Diseases","Infectious disease: parasitic","hsa05145","Toxoplasmosis","14/921","112/9440",0.125,1.28121606948969,0.9843586807073,0.200815864049023,0.52928212229975,0.447349905225485,"3118/5603/240/3911/7097/3949/23533/5600/3655/6774/3654/7132/3305/3912",14
"hsa00534","Metabolism","Glycan biosynthesis and metabolism","hsa00534","Glycosaminoglycan biosynthesis - heparan sulfate / heparin","3/921","24/9440",0.125,1.28121606948969,0.453535230764817,0.419563067917085,0.750797068904258,0.634574612417531,"26035/3340/2137",3
"hsa00603","Metabolism","Glycan biosynthesis and metabolism","hsa00603","Glycosphingolipid biosynthesis - globo and isoglobo series","2/921","16/9440",0.125,1.28121606948969,0.370152754474135,0.471942376742147,0.76897990560621,0.649942768515465,"26301/10317",2
"hsa04064","Environmental Information Processing","Signal transduction","hsa04064","NF-kappa B signaling pathway","13/921","105/9440",0.123809523809524,1.26901401168502,0.911403912032019,0.221861775936588,0.562932864316717,0.475791554050971,"597/10912/29775/29760/8837/3654/5335/148022/7132/23586/257397/9560/2919",13
"hsa05414","Human Diseases","Cardiovascular disease","hsa05414","Dilated cardiomyopathy","13/921","105/9440",0.123809523809524,1.26901401168502,0.911403912032019,0.221861775936588,0.562932864316717,0.475791554050971,"114/183/3673/93589/3690/8515/3678/3674/196883/3685/782/3655/27092",13
"hsa00982","Metabolism","Xenobiotics biodegradation and metabolism","hsa00982","Drug metabolism - cytochrome P450","9/921","73/9440",0.123287671232877,1.26366516442818,0.743553844309075,0.280196415008615,0.643694466911684,0.544051360578606,"4128/2328/10941/4257/2946/221/128/119391/2326",9
"hsa00561","Metabolism","Lipid metabolism","hsa00561","Glycerolipid metabolism","8/921","65/9440",0.123076923076923,1.261505053036,0.695584064966479,0.298711747436105,0.659493468365427,0.557404696172637,"9388/1608/64900/11343/57104/84649/55750/196051",8
"hsa01212","Metabolism","Global and overview maps","hsa01212","Fatty acid metabolism","7/921","57/9440",0.12280701754386,1.25873859458636,0.644208251841678,0.319523863923966,0.673975113114709,0.569644600248655,"6319/3992/1375/2194/64834/2182/2180",7
"hsa05161","Human Diseases","Infectious disease: viral","hsa05161","Hepatitis B","20/921","163/9440",0.122699386503067,1.25763540563405,1.09092292633228,0.167992366097595,0.492293981501089,0.41608748281671,"5603/3718/4609/9641/7097/3665/5600/4776/6778/1871/6774/7048/3654/5604/148022/4772/6777/64764/23586/5295",20
"hsa04925","Organismal Systems","Endocrine system","hsa04925","Aldosterone synthesis and secretion","12/921","98/9440",0.122448979591837,1.25506880276541,0.834543442699191,0.245447380241291,0.600374886921144,0.507437597924063,"114/183/3991/1589/5138/3949/196883/5581/949/84876/2767/64764",12
"hsa05219","Human Diseases","Cancer: specific types","hsa05219","Bladder cancer","5/921","41/9440",0.121951219512195,1.24996689706311,0.527390256237352,0.370969335450713,0.709996122558408,0.600089602038531,"1890/7422/4609/1871/5604",5
"hsa04922","Organismal Systems","Endocrine system","hsa04922","Glucagon signaling pathway","13/921","107/9440",0.121495327102804,1.24529412361614,0.839009540172726,0.242323749099438,0.597029526766732,0.504610095378693,"5105/3939/5214/5140/1375/5106/6513/200186/5836/5465/64764/5533/8789",13
"hsa04750","Organismal Systems","Sensory system","hsa04750","Inflammatory mediator regulation of TRP channels","12/921","99/9440",0.121212121212121,1.24239134011121,0.79714350165121,0.256499072205778,0.601446100344583,0.508342988836133,"114/4803/624/5603/5600/51393/196883/5581/5580/5335/5295/3356",12
"hsa04146","Cellular Processes","Transport and catabolism","hsa04146","Peroxisome","10/921","83/9440",0.120481927710843,1.23490705492982,0.70674914301489,0.288923474380749,0.646965816092921,0.546816308957794,"51555/23417/2182/2180/8799/5192/5193/54677/283927/225",10
"hsa04623","Organismal Systems","Immune system","hsa04623","Cytosolic DNA-sensing pathway","10/921","83/9440",0.120481927710843,1.23490705492982,0.70674914301489,0.288923474380749,0.646965816092921,0.546816308957794,"4210/197259/9641/3665/5437/85364/23586/340061/1687/9560",10
"hsa05144","Human Diseases","Infectious disease: parasitic","hsa05144","Malaria","6/921","50/9440",0.12,1.2299674267101,0.536064478891837,0.361284274997137,0.701923734280152,0.593266809468983,"3039/5175/7097/3689/6382/6401",6
"hsa00480","Metabolism","Metabolism of other amino acids","hsa00480","Glutathione metabolism","7/921","59/9440",0.11864406779661,1.21606948968512,0.547385618624243,0.352232591490842,0.696273727365617,0.588491416627905,"4257/2687/26873/6611/2946/4953/119391",7
"hsa05131","Human Diseases","Infectious disease: bacterial","hsa05131","Shigellosis","30/921","253/9440",0.118577075098814,1.21538283271749,1.14178145784981,0.150610648995046,0.461329915840681,0.389916616174941,"3099/58484/5603/3678/2309/3059/960/7316/5600/5581/87/9844/5580/10392/26100/10318/5335/5829/10163/5216/664/7132/64121/10096/257397/5295/340061/5217/80201/8353",30
"hsa04014","Environmental Information Processing","Signal transduction","hsa04014","Ras signaling pathway","28/921","238/9440",0.117647058823529,1.20585041834323,1.05754198232738,0.170854970050378,0.492293981501089,0.41608748281671,"5923/5228/4803/2321/2246/7422/2324/399694/1969/1942/9771/2114/22821/3643/2788/7010/9846/27/5604/5335/3480/5906/2783/2263/5295/56924/54331/8823",28
"hsa05169","Human Diseases","Infectious disease: viral","hsa05169","Epstein-Barr virus infection","24/921","205/9440",0.117073170731707,1.19996822118058,0.95173921253126,0.199695982404101,0.52928212229975,0.447349905225485,"3118/5603/10912/3718/4609/9641/7097/960/8819/3665/5600/896/29760/1871/6774/3654/3106/9612/6890/5701/23586/3066/5295/6502",24
"hsa04911","Organismal Systems","Endocrine system","hsa04911","Insulin secretion","10/921","86/9440",0.116279069767442,1.19182890185087,0.587574693194292,0.328153654876403,0.673975113114709,0.569644600248655,"114/3783/27345/885/196883/3779/6513/27445/2767/64764",10
"hsa04924","Organismal Systems","Endocrine system","hsa04924","Renin secretion","8/921","69/9440",0.115942028985507,1.18837432532377,0.516359040731994,0.358967534328174,0.701430814204478,0.592850192810596,"1907/134/183/5137/5140/5153/84876/5533",8
"hsa04820","Cellular Processes","Cell motility","hsa04820","Cytoskeleton in muscle cells","27/921","233/9440",0.11587982832618,1.18773678544966,0.954040398815107,0.197357046605581,0.52928212229975,0.447349905225485,"4604/3673/3690/56776/7111/8515/23500/3678/287/3674/9124/2027/1284/1282/752/27295/25777/3685/825/2026/3655/64423/1824/6711/79784/6382/1297",27
"hsa04657","Organismal Systems","Immune system","hsa04657","IL-17 signaling pathway","11/921","95/9440",0.115789473684211,1.18681067489571,0.601689369067239,0.320954460537733,0.673975113114709,0.569644600248655,"6279/6280/5603/9641/1051/5600/23765/10758/5596/257397/2919",11
"hsa05323","Human Diseases","Immune disease","hsa05323","Rheumatoid arthritis","11/921","95/9440",0.115789473684211,1.18681067489571,0.601689369067239,0.320954460537733,0.673975113114709,0.569644600248655,"3118/2321/7422/10312/7097/3689/7010/51382/6348/2919/414062",11
"hsa05417","Human Diseases","Cardiovascular disease","hsa05417","Lipid and atherosclerosis","25/921","216/9440",0.115740740740741,1.18631117545341,0.91076143625647,0.210080735457314,0.549441923503745,0.4643889941688,"4846/5603/6256/9641/7097/3949/4688/3665/5600/2081/6774/3654/5335/148022/7132/4772/5906/3305/5295/5533/335/6401/6348/2919/414062",25
"hsa05100","Human Diseases","Infectious disease: bacterial","hsa05100","Bacterial invasion of epithelial cells","9/921","78/9440",0.115384615384615,1.18266098722125,0.532607505849261,0.349922771582966,0.69575287917081,0.588051195088641,"29119/3678/3059/399694/9844/5829/10163/10096/5295",9
"hsa04973","Organismal Systems","Digestive system","hsa04973","Carbohydrate digestion and absorption","6/921","52/9440",0.115384615384615,1.18266098722125,0.434269602224609,0.39741223975156,0.733329709437765,0.619811178565046,"8972/3099/6518/280/5295/80201",6
"hsa04977","Organismal Systems","Digestive system","hsa04977","Vitamin digestion and absorption","3/921","26/9440",0.115384615384615,1.18266098722125,0.30665064079766,0.472703863891145,0.76897990560621,0.649942768515465,"2346/949/335",3
"hsa04935","Organismal Systems","Endocrine system","hsa04935","Growth hormone synthesis, secretion and action","14/921","122/9440",0.114754098360656,1.17619835887578,0.644049014976638,0.301251750297326,0.66081029097478,0.558517676272802,"114/5603/399694/5600/196883/8660/6774/5604/5335/2767/6777/64764/5295/2690",14
"hsa04371","Environmental Information Processing","Signal transduction","hsa04371","Apelin signaling pathway","16/921","140/9440",0.114285714285714,1.17139754924771,0.671777804059653,0.28941270224125,0.646965816092921,0.546816308957794,"6696/5054/8862/114/4846/3991/91807/5346/5140/23533/196883/5581/2788/5604/2783/54331",16
"hsa04625","Organismal Systems","Immune system","hsa04625","C-type lectin receptor signaling pathway","12/921","105/9440",0.114285714285714,1.17139754924771,0.580684983353093,0.325993944736593,0.673975113114709,0.569644600248655,"26253/5603/602/9641/5600/4776/868/5580/4772/5295/5533/30835",12
"hsa04728","Organismal Systems","Nervous system","hsa04728","Dopaminergic synapse","15/921","132/9440",0.113636363636364,1.16474188135426,0.626702314539272,0.305549122916257,0.665940396099535,0.562853647477316,"3765/3800/4128/5522/5603/5600/2788/5526/64764/2783/9575/5533/54331/50632/220074",15
"hsa05130","Human Diseases","Infectious disease: bacterial","hsa05130","Pathogenic Escherichia coli infection","23/921","203/9440",0.113300492610837,1.16129929451282,0.763859552420321,0.253887362039785,0.601446100344583,0.508342988836133,"10382/81027/347733/5603/3059/4542/64005/5600/2212/2149/24146/10458/3654/5777/10163/4644/7132/23191/4641/4651/10096/79784/257397",23
"hsa04727","Organismal Systems","Nervous system","hsa04727","GABAergic synapse","10/921","89/9440",0.112359550561798,1.15165489392331,0.472629584953754,0.368347648154259,0.709996122558408,0.600089602038531,"114/2565/2564/196883/2788/2783/23710/2744/5334/54331",10
"hsa04613","Organismal Systems","Immune system","hsa04613","Neutrophil extracellular trap formation","22/921","196/9440",0.112244897959184,1.15047973586829,0.699962198482111,0.274555143371295,0.635025501675104,0.536724340425088,"366/2215/27180/2359/3690/5603/2214/3674/7097/4688/5600/2212/3689/7450/5604/5335/55869/3066/5295/727/8367/8353",22
"hsa05132","Human Diseases","Infectious disease: bacterial","hsa05132","Salmonella infection","28/921","251/9440",0.111553784860558,1.14339601420593,0.757073969317774,0.252975872011712,0.601446100344583,0.508342988836133,"10382/81027/3800/58484/347733/5603/197259/4609/7097/5600/9844/5287/10392/3654/5420/5604/51429/5216/7132/23191/27072/65082/1434/10096/257397/5217/51626/51176",28
"hsa05410","Human Diseases","Cardiovascular disease","hsa05410","Hypertrophic cardiomyopathy","11/921","99/9440",0.111111111111111,1.13885872843528,0.456659602479796,0.371703852398225,0.709996122558408,0.600089602038531,"183/3673/93589/3690/8515/3678/3674/3685/782/3655/27092",11
"hsa04976","Organismal Systems","Digestive system","hsa04976","Bile secretion","10/921","90/9440",0.111111111111111,1.13885872843528,0.43519824195363,0.381879440238535,0.72535759598381,0.613073138401177,"366/114/8714/10941/6256/3949/196883/949/6513/6550",10
"hsa00983","Metabolism","Xenobiotics biodegradation and metabolism","hsa00983","Drug metabolism - other enzymes","9/921","81/9440",0.111111111111111,1.13885872843528,0.412666741591407,0.392902676976355,0.733329709437765,0.619811178565046,"978/1890/10941/4257/3614/1806/54963/2946/119391",9
"hsa00140","Metabolism","Lipid metabolism","hsa00140","Steroid hormone biosynthesis","7/921","63/9440",0.111111111111111,1.13885872843528,0.363588383915964,0.418342113335898,0.750797068904258,0.634574612417531,"1589/10941/3290/51170/79154/220074/340811",7
"hsa03420","Genetic Information Processing","Replication and repair","hsa03420","Nucleotide excision repair","7/921","63/9440",0.111111111111111,1.13885872843528,0.363588383915964,0.418342113335898,0.750797068904258,0.634574612417531,"5424/5437/2074/6117/2966/1022/1069",7
"hsa00040","Metabolism","Carbohydrate metabolism","hsa00040","Pentose and glucuronate interconversions","4/921","36/9440",0.111111111111111,1.13885872843528,0.274452141070574,0.471829708613536,0.76897990560621,0.649942768515465,"10941/9365/9942/729920",4
"hsa01040","Metabolism","Lipid metabolism","hsa01040","Biosynthesis of unsaturated fatty acids","3/921","27/9440",0.111111111111111,1.13885872843528,0.237568872072422,0.49843205051516,0.784568968403493,0.66311866369707,"6319/3992/64834",3
"hsa00511","Metabolism","Glycan biosynthesis and metabolism","hsa00511","Other glycan degradation","2/921","18/9440",0.111111111111111,1.13885872843528,0.193881506496516,0.535972534296925,0.813529739557833,0.687596343341451,"284004/64772",2
"hsa04080","Environmental Information Processing","Signaling molecules and interaction","hsa04080","Neuroactive ligand-receptor interaction","41/921","370/9440",0.110810810810811,1.13578073187194,0.87606002302402,0.213209121747822,0.551023693015728,0.465725907719176,"1907/79957/53637/134/4922/9002/8862/183/2847/2565/2696/2913/1136/1143/9934/2359/1903/624/140/344838/8698/133/2564/1901/885/135/1241/2149/1910/1140/7067/727/150/2690/1145/2918/4886/5733/3356/3355/3973",41
"hsa05207","Human Diseases","Cancer: overview","hsa05207","Chemical carcinogenesis - receptor activation","24/921","217/9440",0.110599078341014,1.13361053153004,0.654685848345938,0.287780911779544,0.646965816092921,0.546816308957794,"114/1136/1143/7422/54852/10941/4609/6256/9641/4257/196883/54567/1978/896/6196/6774/5604/5465/6777/64764/5295/2946/8823/119391",24
"hsa05202","Human Diseases","Cancer: overview","hsa05202","Transcriptional misregulation in cancer","22/921","201/9440",0.109452736318408,1.12186083696609,0.574180184890591,0.316189161416602,0.673975113114709,0.569644600248655,"7850/597/7704/2118/2321/84444/10912/4609/6256/1848/1051/7048/51274/3480/4299/7709/9611/2130/4298/3066/6692/8353",22
"hsa03250","Genetic Information Processing","Information processing in viruses","hsa03250","Viral life cycle - HIV-1","7/921","64/9440",0.109375,1.12106406080347,0.319517701860551,0.434839247771484,0.758130176801488,0.640772564293518,"22936/4600/8178/2648/5045/4298/80237",7
"hsa05168","Human Diseases","Infectious disease: viral","hsa05168","Herpes simplex virus 1 infection","20/921","183/9440",0.109289617486339,1.12018891321503,0.539825406161314,0.329699515034705,0.673975113114709,0.569644600248655,"3118/3690/3678/9641/7097/5818/3665/29992/1978/29990/3654/8892/3106/148022/7132/6890/23586/5295/727/340061",20
"hsa04350","Environmental Information Processing","Signal transduction","hsa04350","TGF-beta signaling pathway","12/921","110/9440",0.109090909090909,1.11815220610009,0.409822553318502,0.386717482709559,0.730466356229168,0.617391068887191,"7018/3625/4609/650/2615/7050/4092/7048/9611/90/9765/3066",12
"hsa04916","Organismal Systems","Endocrine system","hsa04916","Melanogenesis","11/921","101/9440",0.108910891089109,1.11630707044646,0.386380424262169,0.397443845535955,0.733329709437765,0.619811178565046,"7484/114/196883/1910/1855/5604/64764/8323/7483/2535/51176",11
"hsa00860","Metabolism","Metabolism of cofactors and vitamins","hsa00860","Porphyrin metabolism","5/921","46/9440",0.108695652173913,1.11410092999103,0.2550593926065,0.470518849471635,0.76897990560621,0.649942768515465,"3162/10941/2512/1371/1355",5
"hsa04914","Organismal Systems","Endocrine system","hsa04914","Progesterone-mediated oocyte maturation","12/921","111/9440",0.108108108108108,1.10807876280189,0.376602159900971,0.399017636017608,0.733329709437765,0.619811178565046,"114/5603/5140/5600/196883/6196/6793/5604/3480/8697/64682/5295",12
"hsa00601","Metabolism","Glycan biosynthesis and metabolism","hsa00601","Glycosphingolipid biosynthesis - lacto and neolacto series","3/921","28/9440",0.107142857142857,1.09818520241973,0.171073442695934,0.523508627695729,0.805397888762661,0.680723292978967,"6484/2683/10317",3
"hsa00790","Metabolism","Metabolism of cofactors and vitamins","hsa00790","Folate biosynthesis","3/921","28/9440",0.107142857142857,1.09818520241973,0.171073442695934,0.523508627695729,0.805397888762661,0.680723292978967,"200895/84105/340811",3
"hsa04966","Organismal Systems","Excretory system","hsa04966","Collecting duct acid secretion","3/921","28/9440",0.107142857142857,1.09818520241973,0.171073442695934,0.523508627695729,0.805397888762661,0.680723292978967,"6521/10312/51382",3
"hsa04660","Organismal Systems","Immune system","hsa04660","T cell receptor signaling pathway","13/921","122/9440",0.10655737704918,1.09218419038465,0.33695624290979,0.412073310331949,0.749224200603543,0.633245222181942,"5522/5603/5600/1326/868/5526/5604/5335/5777/4772/5295/5533/56924",13
"hsa01232","Metabolism","Global and overview maps","hsa01232","Nucleotide metabolism","9/921","85/9440",0.105882352941176,1.08526537650891,0.259632335540189,0.45041851680559,0.758130176801488,0.640772564293518,"122622/978/1890/3614/205/4860/54963/221264/51292",9
"hsa04142","Cellular Processes","Transport and catabolism","hsa04142","Lysosome","14/921","133/9440",0.105263157894737,1.07891879535973,0.301369924964604,0.423974036790614,0.754718180674391,0.637888740941513,"6556/8692/8906/10312/7805/6272/20/1512/9516/23062/2548/3373/5660/5641",14
"hsa00760","Metabolism","Metabolism of cofactors and vitamins","hsa00760","Nicotinate and nicotinamide metabolism","4/921","38/9440",0.105263157894737,1.07891879535973,0.160273094171084,0.515242708287966,0.803589545036278,0.679194878621993,"952/4837/4860/23410",4
"hsa05340","Human Diseases","Immune disease","hsa05340","Primary immunodeficiency","4/921","38/9440",0.105263157894737,1.07891879535973,0.160273094171084,0.515242708287966,0.803589545036278,0.679194878621993,"3718/29760/84876/6890",4
"hsa00531","Metabolism","Glycan biosynthesis and metabolism","hsa00531","Glycosaminoglycan degradation","2/921","19/9440",0.105263157894737,1.07891879535973,0.113215853528022,0.565922271619393,0.840233940395606,0.710166766959754,"8692/3373",2
"hsa04137","Cellular Processes","Transport and catabolism","hsa04137","Mitophagy - animal","11/921","105/9440",0.104761904761905,1.0737810868104,0.249966054674167,0.449082696802365,0.758130176801488,0.640772564293518,"8408/2309/7316/79735/664/665/4077/23710/9868/345778/51622",11
"hsa04974","Organismal Systems","Digestive system","hsa04974","Protein digestion and absorption","11/921","105/9440",0.104761904761905,1.0737810868104,0.249966054674167,0.449082696802365,0.758130176801488,0.640772564293518,"57642/3783/340267/59272/1284/1282/6550/1296/1297/6564/3769",11
"hsa04270","Organismal Systems","Circulatory system","hsa04270","Vascular smooth muscle contraction","14/921","134/9440",0.104477611940299,1.07086716255854,0.271652945596545,0.435345377774805,0.758130176801488,0.640772564293518,"1907/114/183/91807/133/27345/135/196883/5581/3779/5580/5604/2767/79784",14
"hsa04650","Organismal Systems","Immune system","hsa04650","Natural killer cell mediated cytotoxicity","14/921","134/9440",0.104477611940299,1.07086716255854,0.271652945596545,0.435345377774805,0.758130176801488,0.640772564293518,"2215/2214/3824/399694/3689/6452/3384/5604/5335/5777/3106/4772/5295/5533",14
"hsa04928","Organismal Systems","Endocrine system","hsa04928","Parathyroid hormone synthesis, secretion and action","12/921","115/9440",0.104347826086957,1.06953689279139,0.246682465043952,0.448323889859388,0.758130176801488,0.640772564293518,"64386/114/5141/6256/196883/5604/2767/64764/9365/4323/4326/10568",12
"hsa05212","Human Diseases","Cancer: specific types","hsa05212","Pancreatic cancer","8/921","77/9440",0.103896103896104,1.06490686295247,0.188029923537448,0.481262845668847,0.771836639280226,0.652357283354494,"7422/10912/1871/6774/7048/5604/5295/675",8
"hsa05215","Human Diseases","Cancer: specific types","hsa05215","Prostate cancer","11/921","106/9440",0.10377358490566,1.06365107655747,0.216682225173732,0.461945719493081,0.766153876232428,0.647554204989018,"7850/2346/1871/5604/3480/64764/2263/5295/6692/51176/2350",11
"hsa04724","Organismal Systems","Nervous system","hsa04724","Glutamatergic synapse","12/921","116/9440",0.103448275862069,1.06031674716388,0.214913785312857,0.460617382034402,0.766153876232428,0.647554204989018,"114/2913/50944/196883/85358/2788/9455/2783/2744/5533/54331/2918",12
"hsa04725","Organismal Systems","Nervous system","hsa04725","Cholinergic synapse","12/921","116/9440",0.103448275862069,1.06031674716388,0.214913785312857,0.460617382034402,0.766153876232428,0.647554204989018,"114/1136/1143/23533/196883/2788/5604/2767/64764/2783/5295/54331",12
"hsa04392","Environmental Information Processing","Signal transduction","hsa04392","Hippo signaling pathway - multiple species","3/921","29/9440",0.103448275862069,1.06031674716388,0.106959046718562,0.547880184889529,0.820423722144876,0.693423145961459,"1454/25937/84962",3
"hsa04921","Organismal Systems","Endocrine system","hsa04921","Oxytocin signaling pathway","16/921","155/9440",0.103225806451613,1.05803649609471,0.239538087875704,0.445032346342289,0.758130176801488,0.640772564293518,"3765/114/4846/1827/952/91807/93589/23533/196883/4776/782/5604/10645/4772/5533/27092",16
"hsa04144","Cellular Processes","Transport and catabolism","hsa04144","Endocytosis","26/921","252/9440",0.103174603174603,1.05751167640418,0.304259609230495,0.411812037351225,0.749224200603543,0.633245222181942,"3800/23396/3949/2869/23550/868/11031/64411/6455/64744/274/116987/22905/7048/50855/3106/3480/9230/6643/2263/3305/9765/10096/378/1601/2350",26
"hsa05170","Human Diseases","Infectious disease: viral","hsa05170","Human immunodeficiency virus 1 infection","22/921","214/9440",0.102803738317757,1.05371041229058,0.26131067192343,0.430924264506848,0.758130176801488,0.640772564293518,"5603/8906/7133/7097/5600/4776/2788/3654/5604/5335/5829/3106/2767/7132/4772/6890/2783/5295/340061/5533/56924/54331",22
"hsa05133","Human Diseases","Infectious disease: bacterial","hsa05133","Pertussis","8/921","78/9440",0.102564102564103,1.05125421086333,0.149448318589924,0.49627313985009,0.784568968403493,0.66311866369707,"5603/3678/5600/3689/10392/3654/148022/727",8
"hsa05203","Human Diseases","Cancer: overview","hsa05203","Viral carcinogenesis","21/921","205/9440",0.102439024390244,1.04997219353301,0.237840272023108,0.440775740035087,0.758130176801488,0.640772564293518,"1233/3249/3718/3665/896/87/2648/7533/6774/23352/5829/3106/6777/64764/1108/55869/3066/5295/6502/2966/8367",21
"hsa04024","Environmental Information Processing","Signal transduction","hsa04024","cAMP signaling pathway","23/921","226/9440",0.101769911504425,1.0431139680801,0.215698244479261,0.447897642462945,0.758130176801488,0.640772564293518,"1907/134/114/2696/610/3991/5141/5140/135/196883/2149/64411/5604/84876/5465/4772/5906/64764/5295/4886/5733/3355/3973",23
"hsa04630","Environmental Information Processing","Signal transduction","hsa04630","JAK-STAT signaling pathway","17/921","168/9440",0.101190476190476,1.03717491339641,0.159851381458306,0.474958176992071,0.76897990560621,0.649942768515465,"2670/1441/3718/4609/3601/9180/9466/3566/6778/896/6774/5777/6777/1489/5295/2690/53832",17
"hsa05162","Human Diseases","Infectious disease: viral","hsa05162","Measles","14/921","139/9440",0.100719424460432,1.03234676102766,0.126319930196489,0.491936736534338,0.781581730942406,0.660593846895594,"3718/9641/7097/4600/3665/868/896/6774/3654/6777/23586/3305/5295/30835",14
"hsa04072","Environmental Information Processing","Signal transduction","hsa04072","Phospholipase D signaling pathway","15/921","149/9440",0.100671140939597,1.03185186804538,0.128853230434604,0.489547805862047,0.781437812174159,0.660472206574444,"114/183/2913/23396/399694/23533/196883/1608/3643/2149/9846/5604/5335/5295/2918",15
"hsa04082",NA,NA,"hsa04082","Neuroactive ligand signaling","20/921","199/9440",0.100502512562814,1.03012347295653,0.141211671144405,0.479392686163434,0.771836639280226,0.652357283354494,"134/114/2565/2913/1136/1143/9934/63910/140/2564/135/196883/2788/2767/2783/150/54331/2918/3356/3355",20
"hsa05211","Human Diseases","Cancer: specific types","hsa05211","Renal cell carcinoma","7/921","70/9440",0.1,1.02497285559175,0.0689518510285398,0.531533695561255,0.813529739557833,0.687596343341451,"112399/7422/5604/6513/5906/5295/56924",7
"hsa00785","Metabolism","Metabolism of cofactors and vitamins","hsa00785","Lipoic acid metabolism","2/921","20/9440",0.1,1.02497285559175,0.0367583705362254,0.594452037671575,0.863733729950151,0.730028818193162,"4967/11019",2
"hsa00920","Metabolism","Energy metabolism","hsa00920","Sulfur metabolism","1/921","10/9440",0.1,1.02497285559175,0.0259783078183374,0.641951166937879,0.887249580320645,0.7499044440481,"9060",1
"hsa04662","Organismal Systems","Immune system","hsa04662","B cell receptor signaling pathway","9/921","91/9440",0.0989010989010989,1.01370941761821,0.0432071500832182,0.534786167881923,0.813529739557833,0.687596343341451,"353514/11025/29760/3635/5604/5777/4772/5295/5533",9
"hsa04540","Cellular Processes","Cellular community - eukaryotes","hsa04540","Gap junction","9/921","92/9440",0.0978260869565217,1.00269083699193,0.00852747491030218,0.548421060181772,0.820423722144876,0.693423145961459,"10382/81027/114/347733/196883/1453/5604/2767/3356",9
"hsa00260","Metabolism","Amino acid metabolism","hsa00260","Glycine, serine and threonine metabolism","4/921","41/9440",0.0975609756097561,0.999973517650486,-5.58735306956535e-05,0.577028254064311,0.849887716964202,0.718326150870673,"10993/4128/6472/29958",4
"hsa01240","Metabolism","Global and overview maps","hsa01240","Biosynthesis of cofactors","15/921","154/9440",0.0974025974025974,0.998350184017937,-0.00678703402083833,0.543128206100898,0.820423722144876,0.693423145961459,"122622/10941/205/586/3242/125061/10797/6472/9249/1371/221264/1355/200895/51117/11019",15
"hsa04382",NA,NA,"hsa04382","Cornified envelope formation","21/921","217/9440",0.0967741935483871,0.991909215088788,-0.0396444975012317,0.550166496026564,0.820423722144876,0.693423145961459,"6768/6279/6280/6271/11240/5522/2125/3911/5652/1284/1282/6275/3655/140576/5046/24146/5045/5526/64834/10999/51099",21
"hsa05218","Human Diseases","Cancer: specific types","hsa05218","Melanoma","7/921","73/9440",0.0958904109589041,0.982850683444142,-0.0483622486877847,0.577423713584502,0.849887716964202,0.718326150870673,"2246/10912/1871/5604/3480/5295/8823",7
"hsa04621","Organismal Systems","Immune system","hsa04621","NOD-like receptor signaling pathway","18/921","189/9440",0.0952380952380952,0.976164624373093,-0.108832112977267,0.580015324178005,0.850022457847077,0.71844003403174,"4210/58484/91662/64127/5603/9641/3665/5600/51393/5580/10392/84674/148022/23710/257397/340061/115361/2919",18
"hsa00590","Metabolism","Lipid metabolism","hsa00590","Arachidonic acid metabolism","6/921","63/9440",0.0952380952380952,0.976164624373093,-0.0624106658751123,0.587406189404195,0.857159246340885,0.724472056504835,"4051/240/6916/284273/2687/340811",6
"hsa04714","Organismal Systems","Environmental adaptation","hsa04714","Thermogenesis","22/921","235/9440",0.0936170212765957,0.959549056298658,-0.206466307918515,0.614776970296408,0.879465068758802,0.743324965235768,"114/3991/5603/5346/5600/196883/56901/9658/11343/1375/6196/57104/55818/2182/2180/64764/6595/137682/1355/84987/516/86",22
"hsa05152","Human Diseases","Infectious disease: bacterial","hsa05152","Tuberculosis","17/921","182/9440",0.0934065934065934,0.957392227750534,-0.190837813686128,0.612959884698712,0.879465068758802,0.743324965235768,"3118/26253/2215/64127/5603/3687/2214/10312/7097/1051/5600/2212/3689/3654/7132/5533/30835",17
"hsa00071","Metabolism","Lipid metabolism","hsa00071","Fatty acid degradation","4/921","43/9440",0.0930232558139535,0.953463121480696,-0.100562338232723,0.615625548131162,0.879465068758802,0.743324965235768,"1375/2182/2180/128",4
"hsa04975","Organismal Systems","Digestive system","hsa04975","Fat digestion and absorption","4/921","43/9440",0.0930232558139535,0.953463121480696,-0.100562338232723,0.615625548131162,0.879465068758802,0.743324965235768,"949/10999/84649/335",4
"hsa05214","Human Diseases","Cancer: specific types","hsa05214","Glioma","7/921","76/9440",0.0921052631578947,0.944053945939768,-0.161006738749801,0.62104938278739,0.883501214007166,0.746736320198007,"10912/399694/1871/5604/5335/3480/5295",7
"hsa05210","Human Diseases","Cancer: specific types","hsa05210","Colorectal cancer","8/921","87/9440",0.0919540229885057,0.94250377525678,-0.177142181050642,0.623713397618573,0.883553783046219,0.746780751614916,"374/10912/4609/7048/5604/8312/5295/51176",8
"hsa00510","Metabolism","Glycan biosynthesis and metabolism","hsa00510","N-Glycan biosynthesis","5/921","55/9440",0.0909090909090909,0.931793505083407,-0.166797077630573,0.633228469311227,0.883553783046219,0.746780751614916,"4122/4249/11282/2683/207063",5
"hsa03460","Genetic Information Processing","Replication and repair","hsa03460","Fanconi anemia pathway","5/921","55/9440",0.0909090909090909,0.931793505083407,-0.166797077630573,0.633228469311227,0.883553783046219,0.746780751614916,"641/91442/55120/6117/675",5
"hsa03410","Genetic Information Processing","Replication and repair","hsa03410","Base excision repair","4/921","44/9440",0.0909090909090909,0.931793505083407,-0.149100488118992,0.634079773715522,0.883553783046219,0.746780751614916,"5424/4350/55775/3980",4
"hsa04962","Organismal Systems","Excretory system","hsa04962","Vasopressin-regulated water reabsorption","4/921","44/9440",0.0909090909090909,0.931793505083407,-0.149100488118992,0.634079773715522,0.883553783046219,0.746780751614916,"397/9230/64764/51626",4
"hsa01210","Metabolism","Global and overview maps","hsa01210","2-Oxocarboxylic acid metabolism","3/921","33/9440",0.0909090909090909,0.931793505083407,-0.129049292814065,0.637590016672201,0.884818798647136,0.747849944367393,"586/100526760/4967",3
"hsa00980","Metabolism","Xenobiotics biodegradation and metabolism","hsa00980","Metabolism of xenobiotics by cytochrome P450","7/921","79/9440",0.0886075949367089,0.908203796093954,-0.269386386033295,0.662081298105103,0.911366969051558,0.770288490870203,"10941/4257/3290/2946/221/128/119391",7
"hsa03430","Genetic Information Processing","Replication and repair","hsa03430","Mismatch repair","2/921","23/9440",0.0869565217391304,0.891280743992824,-0.171637667337847,0.671511507123134,0.920620614604297,0.778109683551,"5424/6117",2
"hsa04114","Cellular Processes","Cell growth and death","hsa04114","Oocyte meiosis","12/921","139/9440",0.0863309352517986,0.884868652309423,-0.449608657610734,0.715168375178274,0.952883381800482,0.805378214339108,"114/5603/5600/196883/6196/7533/5526/5604/3480/8697/64682/5533",12
"hsa04915","Organismal Systems","Endocrine system","hsa04915","Estrogen signaling pathway","12/921","139/9440",0.0863309352517986,0.884868652309423,-0.449608657610734,0.715168375178274,0.952883381800482,0.805378214339108,"3765/2289/114/2852/4846/399694/196883/5580/5604/64764/3305/5295",12
"hsa00240","Metabolism","Nucleotide metabolism","hsa00240","Pyrimidine metabolism","5/921","58/9440",0.0862068965517241,0.883597289303231,-0.292366679562258,0.680139363944202,0.928704352373609,0.784942068724444,"978/1890/1806/54963/221264",5
"hsa04912","Organismal Systems","Endocrine system","hsa04912","GnRH signaling pathway","8/921","93/9440",0.0860215053763441,0.881697080078923,-0.376963512813411,0.698122477232528,0.949446569036239,0.802473415934654,"114/5603/5600/196883/5580/5604/2767/4323",8
"hsa05022","Human Diseases","Neurodegenerative disease","hsa05022","Pathways of neurodegeneration - multiple diseases","41/921","483/9440",0.0848861283643892,0.870059773897757,-0.963905360329761,0.851986237830692,0.999999999999951,0.845201238390051,"8632/2861/10382/7484/81027/4137/3800/5630/347733/8408/5603/7133/1454/7316/5600/10023/56901/23401/120892/2081/3064/26100/1855/5604/5335/8312/7132/1452/5688/5701/55081/8323/5533/56171/516/7483/1768/9627/201625/2535/64446",41
"hsa04261","Organismal Systems","Circulatory system","hsa04261","Adrenergic signaling in cardiomyocytes","13/921","154/9440",0.0844155844155844,0.865236826148878,-0.554390462710683,0.749327926537396,0.976135996255612,0.825031352872391,"114/183/5522/93589/5603/23533/5600/196883/782/5526/64764/3753/27092",13
"hsa03083","Genetic Information Processing","Chromosome","hsa03083","Polycomb repressive complex","7/921","83/9440",0.0843373493975904,0.864434938450872,-0.407865532609195,0.712381982626587,0.952883381800482,0.805378214339108,"100170841/26147/3720/1912/221937/114785/3066",7
"hsa05016","Human Diseases","Neurodegenerative disease","hsa05016","Huntington disease","26/921","311/9440",0.0836012861736334,0.85689049020532,-0.84379235084265,0.826085675787412,0.995721088395426,0.841584697002945,"8632/10382/81027/3800/347733/8408/3766/7052/56901/2081/3064/26100/5437/6874/64764/5688/5701/5978/55081/3066/56171/516/1768/6875/201625/64446",26
"hsa04622","Organismal Systems","Immune system","hsa04622","RIG-I-like receptor signaling pathway","6/921","72/9440",0.0833333333333333,0.854144046326457,-0.408474986817071,0.716593584476238,0.952883381800482,0.805378214339108,"5603/9641/3665/5600/23586/340061",6
"hsa04713","Organismal Systems","Environmental adaptation","hsa04713","Circadian entrainment","8/921","97/9440",0.0824742268041237,0.845338437601442,-0.503412024458109,0.742130633384923,0.976135996255612,0.825031352872391,"3765/114/51655/196883/5187/2788/2783/54331",8
"hsa04530","Cellular Processes","Cellular community - eukaryotes","hsa04530","Tight junction","14/921","170/9440",0.0823529411764706,0.844095292840263,-0.674438448228435,0.786161909699919,0.995721088395426,0.841584697002945,"912/5522/3059/7454/5581/87/79778/8531/84952/24146/50855/5906/10096/79784",14
"hsa05030","Human Diseases","Substance dependence","hsa05030","Cocaine addiction","4/921","49/9440",0.0816326530612245,0.836712535176937,-0.376784878604527,0.717465134532128,0.952883381800482,0.805378214339108,"2913/4128/26086/64764",4
"hsa05143","Human Diseases","Infectious disease: parasitic","hsa05143","African trypanosomiasis","3/921","37/9440",0.0810810810810811,0.831059072101417,-0.338533006495902,0.714063120669388,0.952883381800482,0.805378214339108,"3039/335/6401",3
"hsa05231","Human Diseases","Cancer: overview","hsa05231","Choline metabolism in cancer","8/921","99/9440",0.0808080808080808,0.828260893407473,-0.564792095034446,0.762393443864406,0.985603691687826,0.833033460776398,"23396/7454/1608/1978/5604/5335/10163/5295",8
"hsa04723","Organismal Systems","Nervous system","hsa04723","Retrograde endocannabinoid signaling","12/921","149/9440",0.0805369127516778,0.825481494436307,-0.705995427974913,0.798223386991505,0.995721088395426,0.841584697002945,"3765/114/2565/5603/2564/5600/196883/56901/2788/11343/2783/54331",12
"hsa04918","Organismal Systems","Endocrine system","hsa04918","Thyroid hormone synthesis","6/921","75/9440",0.08,0.819978284473398,-0.514635968029111,0.752811360570626,0.976930773259592,0.825703099380398,"4036/114/7038/196883/64764/6528",6
"hsa05171","Human Diseases","Infectious disease: viral","hsa05171","Coronavirus disease - COVID-19","19/921","238/9440",0.0798319327731092,0.818255641018622,-0.93369880528253,0.852778547379501,0.999999999999951,0.845201238390051,"5603/59272/9641/7097/4600/5600/2212/7450/6774/3654/5335/6161/7132/23586/5295/727/340061/2162/6231",19
"hsa00310","Metabolism","Amino acid metabolism","hsa00310","Lysine degradation","5/921","63/9440",0.0793650793650794,0.813470520310911,-0.488409715666189,0.748972995422483,0.976135996255612,0.825031352872391,"8424/23127/84444/5352/83852",5
"hsa04960","Organismal Systems","Excretory system","hsa04960","Aldosterone-regulated sodium reabsorption","3/921","38/9440",0.0789473684210526,0.809189096519801,-0.38751039930286,0.731104870302081,0.967220450983298,0.817495922967307,"3643/5295/4306",3
"hsa05110","Human Diseases","Infectious disease: bacterial","hsa05110","Vibrio cholerae infection","4/921","51/9440",0.0784313725490196,0.803900278895489,-0.461690452364056,0.746619712793943,0.976135996255612,0.825031352872391,"10312/5335/11014/51382",4
"hsa05150","Human Diseases","Infectious disease: bacterial","hsa05150","Staphylococcus aureus infection","8/921","102/9440",0.0784313725490196,0.803900278895489,-0.654709475010762,0.79061330709124,0.995721088395426,0.841584697002945,"3118/2204/2215/2359/2214/2212/3689/727",8
"hsa04726","Organismal Systems","Nervous system","hsa04726","Serotonergic synapse","9/921","115/9440",0.0782608695652174,0.802152669593542,-0.701864365919349,0.802305523023762,0.995721088395426,0.841584697002945,"3765/4128/240/2788/5604/2783/54331/3356/3355",9
"hsa05206","Human Diseases","Cancer: overview","hsa05206","MicroRNAs in cancer","25/921","320/9440",0.078125,0.800760043431053,-1.19220930583333,0.90435327072185,0.999999999999951,0.845201238390051,"2065/6768/54541/7143/3371/3690/7422/3162/3678/4609/4855/960/399694/1942/6541/5581/8660/4851/1871/6774/5604/5335/2744/3066/5295",25
"hsa03018","Genetic Information Processing","Folding, sorting and degradation","hsa03018","RNA degradation","6/921","78/9440",0.0769230769230769,0.788440658147499,-0.616870055928751,0.785538600833412,0.995721088395426,0.841584697002945,"5214/10140/2027/694/9337/2026",6
"hsa04932","Human Diseases","Endocrine and metabolic disease","hsa04932","Non-alcoholic fatty liver disease","12/921","157/9440",0.0764331210191083,0.783418743127451,-0.899756555817139,0.850867950573157,0.999999999999951,0.845201238390051,"5603/6256/6720/5600/3643/56901/8660/2081/5465/79602/7132/5295",12
"hsa05208","Human Diseases","Cancer: overview","hsa05208","Chemical carcinogenesis - reactive oxygen species","17/921","227/9440",0.0748898678414097,0.767600816962983,-1.16532077517229,0.903374302896167,0.999999999999951,0.845201238390051,"5603/7422/3162/2309/4257/4688/5600/56901/5580/27/5604/5295/2946/5770/516/340811/119391",17
"hsa04720","Organismal Systems","Nervous system","hsa04720","Long-term potentiation","5/921","67/9440",0.0746268656716418,0.764905116113245,-0.634950354512158,0.795631655317571,0.995721088395426,0.841584697002945,"114/6196/5604/5906/5533",5
"hsa05010","Human Diseases","Neurodegenerative disease","hsa05010","Alzheimer disease","29/921","391/9440",0.0741687979539642,0.760210046346821,-1.59227313374458,0.957709497765959,0.999999999999951,0.845201238390051,"10382/7484/81027/4137/3800/347733/8408/1454/10023/3643/56901/23401/8660/23516/2081/26100/1855/5604/8312/7132/1452/5688/5701/5295/8323/5533/516/7483/2535",29
"hsa05034","Human Diseases","Substance dependence","hsa05034","Alcoholism","14/921","191/9440",0.0732984293193717,0.751289004098664,-1.14172833526796,0.901251939192856,0.999999999999951,0.845201238390051,"4128/135/399694/2788/3177/5604/10645/64764/2783/55869/3066/8367/54331/8353",14
"hsa04612","Organismal Systems","Immune system","hsa04612","Antigen processing and presentation","6/921","82/9440",0.0731707317073171,0.749980138237864,-0.747632918944305,0.823911150307745,0.995721088395426,0.841584697002945,"3118/3824/3106/6890/3305/5641",6
"hsa05415","Human Diseases","Cardiovascular disease","hsa05415","Diabetic cardiomyopathy","15/921","205/9440",0.0731707317073171,0.749980138237864,-1.1899576089932,0.909199321783978,0.999999999999951,0.845201238390051,"5166/183/4846/5603/4688/5600/3643/56901/1375/5580/7048/6513/5465/5295/516",15
"hsa04210","Cellular Processes","Cell growth and death","hsa04210","Apoptosis","10/921","137/9440",0.072992700729927,0.748155369045072,-0.976292535343526,0.871808670318535,0.999999999999951,0.845201238390051,"597/4803/10912/8996/2081/8837/1512/5604/7132/5295",10
"hsa00600","Metabolism","Lipid metabolism","hsa00600","Sphingolipid metabolism","4/921","55/9440",0.0727272727272727,0.745434804066726,-0.622532074108898,0.797935691250881,0.995721088395426,0.841584697002945,"7368/9334/64781/5660",4
"hsa00062","Metabolism","Lipid metabolism","hsa00062","Fatty acid elongation","2/921","28/9440",0.0714285714285714,0.73212346827982,-0.466735917118292,0.773111561654425,0.995673980918577,0.841544881705175,"64834/153364",2
"hsa05416","Human Diseases","Cardiovascular disease","hsa05416","Viral myocarditis","5/921","70/9440",0.0714285714285714,0.73212346827982,-0.739626377181914,0.825944133402499,0.995721088395426,0.841584697002945,"3118/1604/3689/27/3106",5
"hsa05204","Human Diseases","Cancer: overview","hsa05204","Chemical carcinogenesis - DNA adducts","5/921","71/9440",0.0704225352112676,0.721811870135034,-0.77360567833954,0.835201967892703,0.996381295029891,0.842142704467989,"10941/4257/3290/2946/119391",5
"hsa05164","Human Diseases","Infectious disease: viral","hsa05164","Influenza A","12/921","173/9440",0.069364161849711,0.710963830468265,-1.26154911179875,0.923641524422814,0.999999999999951,0.845201238390051,"3118/9641/4600/3665/896/5604/148022/7132/9230/23586/5295/91543",12
"hsa04217","Cellular Processes","Cell growth and death","hsa04217","Necroptosis","11/921","159/9440",0.0691823899371069,0.709100717704983,-1.21630453105053,0.917378142880956,0.999999999999951,0.845201238390051,"197259/3718/2512/6778/8837/6774/5836/148022/7132/6777/2747",11
"hsa05020","Human Diseases","Neurodegenerative disease","hsa05020","Prion disease","19/921","278/9440",0.0683453237410072,0.700521016411626,-1.666449294306,0.966798277720208,0.999999999999951,0.845201238390051,"10382/4685/81027/3800/347733/5603/4688/5600/56901/4851/5580/64764/5688/5701/3305/5295/727/5533/516",19
"hsa04940","Human Diseases","Endocrine and metabolic disease","hsa04940","Type I diabetes mellitus","3/921","44/9440",0.0681818181818182,0.698845128812556,-0.658329362157808,0.817002050778884,0.995721088395426,0.841584697002945,"3118/3106/1363",3
"hsa00604","Metabolism","Glycan biosynthesis and metabolism","hsa00604","Glycosphingolipid biosynthesis - ganglio series","1/921","15/9440",0.0666666666666667,0.683315237061165,-0.403580911825589,0.785845821893061,0.995721088395426,0.841584697002945,"30815",1
"hsa00730","Metabolism","Metabolism of cofactors and vitamins","hsa00730","Thiamine metabolism","1/921","15/9440",0.0666666666666667,0.683315237061165,-0.403580911825589,0.785845821893061,0.995721088395426,0.841584697002945,"205",1
"hsa00563","Metabolism","Glycan biosynthesis and metabolism","hsa00563","Glycosylphosphatidylinositol (GPI)-anchor biosynthesis","2/921","30/9440",0.0666666666666667,0.683315237061165,-0.571204319259959,0.805387635730101,0.995721088395426,0.841584697002945,"23556/2822",2
"hsa05332","Human Diseases","Immune disease","hsa05332","Graft-versus-host disease","3/921","45/9440",0.0666666666666667,0.683315237061165,-0.700137810035761,0.828791376517369,0.995721088395426,0.841584697002945,"3118/3824/3106",3
"hsa01524","Human Diseases","Drug resistance: antineoplastic","hsa01524","Platinum drug resistance","5/921","75/9440",0.0666666666666667,0.683315237061165,-0.905320611229336,0.868277760003566,0.999999999999951,0.845201238390051,"4257/540/5295/2946/119391",5
"hsa05012","Human Diseases","Neurodegenerative disease","hsa05012","Parkinson disease","18/921","271/9440",0.0664206642066421,0.680793778621825,-1.75304677974683,0.973525116758955,0.999999999999951,0.845201238390051,"2861/10382/81027/4137/3800/347733/4128/135/7316/56901/120892/23516/2081/5335/5688/5701/516/9627",18
"hsa04972","Organismal Systems","Digestive system","hsa04972","Pancreatic secretion","7/921","106/9440",0.0660377358490566,0.676868866900211,-1.10000924932902,0.903132871209883,0.999999999999951,0.845201238390051,"114/952/885/9545/196883/5906/280",7
"hsa05014","Human Diseases","Neurodegenerative disease","hsa05014","Amyotrophic lateral sclerosis","24/921","371/9440",0.0646900269541779,0.663055216555309,-2.17703038176411,0.991277921704046,0.999999999999951,0.845201238390051,"8632/10382/81027/3800/5630/347733/8408/5603/7133/5600/56901/2081/26100/5216/7132/5688/5701/5533/56171/5217/516/1768/201625/64446",24
"hsa00053","Metabolism","Carbohydrate metabolism","hsa00053","Ascorbate and aldarate metabolism","2/921","31/9440",0.0645161290322581,0.661272810059192,-0.621094482110799,0.819942286053781,0.995721088395426,0.841584697002945,"10941/9365",2
"hsa04120","Genetic Information Processing","Folding, sorting and degradation","hsa04120","Ubiquitin mediated proteolysis","9/921","142/9440",0.0633802816901408,0.64963068312153,-1.38316492293125,0.943993465481397,0.999999999999951,0.845201238390051,"7316/868/23221/55120/8697/64682/6502/90293/378884",9
"hsa04136","Cellular Processes","Transport and catabolism","hsa04136","Autophagy - other","2/921","32/9440",0.0625,0.640608034744843,-0.669565699298111,0.833513116884862,0.996381295029891,0.842142704467989,"26100/23710",2
"hsa03272",NA,NA,"hsa03272","Virion - Hepatitis viruses","3/921","48/9440",0.0625,0.640608034744843,-0.820745365985456,0.860320007332615,0.999999999999951,0.845201238390051,"3949/949/24146",3
"hsa04672","Organismal Systems","Immune system","hsa04672","Intestinal immune network for IgA production","3/921","50/9440",0.06,0.614983713355049,-0.897490388173019,0.878400219848872,0.999999999999951,0.845201238390051,"3118/3601/23308",3
"hsa03082","Genetic Information Processing","Chromosome","hsa03082","ATP-dependent chromatin remodeling","7/921","117/9440",0.0598290598290598,0.61323162300361,-1.38409068492079,0.946941799808958,0.999999999999951,0.845201238390051,"27443/8932/1108/6595/3066/125476/86",7
"hsa00120","Metabolism","Lipid metabolism","hsa00120","Primary bile acid biosynthesis","1/921","17/9440",0.0588235294117647,0.602925209171617,-0.538766619193639,0.825656666295053,0.995721088395426,0.841584697002945,"80270",1
"hsa00450","Metabolism","Metabolism of other amino acids","hsa00450","Selenocompound metabolism","1/921","17/9440",0.0588235294117647,0.602925209171617,-0.538766619193639,0.825656666295053,0.995721088395426,0.841584697002945,"9060",1
"hsa00910","Metabolism","Energy metabolism","hsa00910","Nitrogen metabolism","1/921","17/9440",0.0588235294117647,0.602925209171617,-0.538766619193639,0.825656666295053,0.995721088395426,0.841584697002945,"2747",1
"hsa03020","Genetic Information Processing","Transcription","hsa03020","RNA polymerase","2/921","34/9440",0.0588235294117647,0.602925209171617,-0.762619289708236,0.857915072056453,0.999999999999951,0.845201238390051,"5437/84172",2
"hsa00565","Metabolism","Lipid metabolism","hsa00565","Ether lipid metabolism","3/921","51/9440",0.0588235294117647,0.602925209171617,-0.93485925817414,0.886636501539805,0.999999999999951,0.845201238390051,"7368/79888/54947",3
"hsa00830","Metabolism","Metabolism of cofactors and vitamins","hsa00830","Retinol metabolism","4/921","68/9440",0.0588235294117647,0.602925209171617,-1.08046108923321,0.909404671102426,0.999999999999951,0.845201238390051,"10941/9249/157506/128",4
"hsa04742","Organismal Systems","Sensory system","hsa04742","Taste transduction","5/921","86/9440",0.0581395348837209,0.595914450925435,-1.2377198651031,0.931668246765193,0.999999999999951,0.845201238390051,"114/5137/5153/196883/3355",5
"hsa05031","Human Diseases","Substance dependence","hsa05031","Amphetamine addiction","4/921","69/9440",0.0579710144927536,0.594187162661883,-1.11238687673857,0.915136063694319,0.999999999999951,0.845201238390051,"4128/64764/3066/5533",4
"hsa04961","Organismal Systems","Excretory system","hsa04961","Endocrine and other factor-regulated calcium reabsorption","3/921","53/9440",0.0566037735849057,0.580173314485895,-1.00772739536658,0.901627914625385,0.999999999999951,0.845201238390051,"624/9365/793",3
"hsa03030","Genetic Information Processing","Replication and repair","hsa03030","DNA replication","2/921","36/9440",0.0555555555555556,0.569429364217638,-0.851016239340468,0.879005184983346,0.999999999999951,0.845201238390051,"5424/6117",2
"hsa05320","Human Diseases","Immune disease","hsa05320","Autoimmune thyroid disease","3/921","54/9440",0.0555555555555556,0.569429364217638,-1.04327670992342,0.908432087003306,0.999999999999951,0.845201238390051,"3118/7038/3106",3
"hsa05322","Human Diseases","Immune disease","hsa05322","Systemic lupus erythematosus","8/921","144/9440",0.0555555555555556,0.569429364217638,-1.71189094939847,0.975741533459237,0.999999999999951,0.845201238390051,"3118/2215/2214/2212/87/727/8367/8353",8
"hsa04115","Cellular Processes","Cell growth and death","hsa04115","p53 signaling pathway","4/921","75/9440",0.0533333333333333,0.546652189648932,-1.29600525442956,0.943198706200511,0.999999999999951,0.845201238390051,"5054/10912/11200/896",4
"hsa04971","Organismal Systems","Digestive system","hsa04971","Gastric acid secretion","4/921","76/9440",0.0526315789473684,0.539459397679867,-1.32538642245623,0.94695342028648,0.999999999999951,0.845201238390051,"114/91807/3766/196883",4
"hsa04970","Organismal Systems","Digestive system","hsa04970","Salivary secretion","5/921","97/9440",0.0515463917525773,0.528336523500901,-1.53522996848747,0.966293630148605,0.999999999999951,0.845201238390051,"114/952/3783/196883/280",5
"hsa05330","Human Diseases","Immune disease","hsa05330","Allograft rejection","2/921","39/9440",0.0512820512820513,0.525627105431666,-0.976031067983404,0.905269877098518,0.999999999999951,0.845201238390051,"3118/3106",2
"hsa00541","Metabolism","Glycan biosynthesis and metabolism","hsa00541","Biosynthesis of various nucleotide sugars","1/921","20/9440",0.05,0.512486427795874,-0.717587320468053,0.871948080245482,0.999999999999951,0.845201238390051,"606495",1
"hsa04730","Organismal Systems","Nervous system","hsa04730","Long-term depression","3/921","60/9440",0.05,0.512486427795874,-1.24554498035888,0.941012941001568,0.999999999999951,0.845201238390051,"5604/3480/2767",3
"hsa05033","Human Diseases","Substance dependence","hsa05033","Nicotine addiction","2/921","41/9440",0.0487804878048781,0.499986758825243,-1.05494813306679,0.919709536459275,0.999999999999951,0.845201238390051,"2565/2564",2
"hsa05017","Human Diseases","Neurodegenerative disease","hsa05017","Spinocerebellar ataxia","7/921","144/9440",0.0486111111111111,0.498250693690433,-1.99488777207852,0.989788229520294,0.999999999999951,0.845201238390051,"8408/2081/26100/23152/5688/5701/5295",7
"hsa00564","Metabolism","Lipid metabolism","hsa00564","Glycerophospholipid metabolism","5/921","103/9440",0.0485436893203883,0.497559638636771,-1.68576856537208,0.977484532557229,0.999999999999951,0.845201238390051,"79888/1608/64900/54947/196051",5
"hsa00380","Metabolism","Amino acid metabolism","hsa00380","Tryptophan metabolism","2/921","42/9440",0.0476190476190476,0.488082312186547,-1.09321494321802,0.926127478703049,0.999999999999951,0.845201238390051,"4128/125061",2
"hsa00970","Genetic Information Processing","Translation","hsa00970","Aminoacyl-tRNA biosynthesis","3/921","66/9440",0.0454545454545455,0.465896752541704,-1.43163797830338,0.962559583978241,0.999999999999951,0.845201238390051,"57176/10667/10352",3
"hsa03050","Genetic Information Processing","Folding, sorting and degradation","hsa03050","Proteasome","2/921","46/9440",0.0434782608695652,0.445640371996412,-1.23920663937862,0.947262874108653,0.999999999999951,0.845201238390051,"5688/5701",2
"hsa00280","Metabolism","Amino acid metabolism","hsa00280","Valine, leucine and isoleucine degradation","2/921","48/9440",0.0416666666666667,0.427072023163228,-1.30839870529202,0.955534060793998,0.999999999999951,0.845201238390051,"586/5095",2
"hsa04721","Organismal Systems","Nervous system","hsa04721","Synaptic vesicle cycle","3/921","79/9440",0.0379746835443038,0.38923019832598,-1.79237335064135,0.986582920771759,0.999999999999951,0.845201238390051,"10312/10815/51382",3
"hsa00650","Metabolism","Carbohydrate metabolism","hsa00650","Butanoate metabolism","1/921","27/9440",0.037037037037037,0.379619576145092,-1.0613886445008,0.937698341010884,0.999999999999951,0.845201238390051,"6296",1
"hsa00190","Metabolism","Energy metabolism","hsa00190","Oxidative phosphorylation","5/921","138/9440",0.036231884057971,0.371366976663677,-2.44594713500148,0.998239937461016,0.999999999999951,0.845201238390051,"10312/56901/1355/51382/516",5
"hsa04260","Organismal Systems","Circulatory system","hsa04260","Cardiac muscle contraction","3/921","87/9440",0.0344827586206897,0.353438915721292,-1.9920132350099,0.993026869698858,0.999999999999951,0.845201238390051,"93589/782/27092",3
"hsa03060","Genetic Information Processing","Folding, sorting and degradation","hsa03060","Protein export","1/921","31/9440",0.032258064516129,0.330636405029596,-1.22735359814078,0.958733533107736,0.999999999999951,0.845201238390051,"6728",1
"hsa04215","Cellular Processes","Cell growth and death","hsa04215","Apoptosis - multiple species","1/921","32/9440",0.03125,0.320304017372421,-1.26630854308344,0.96277290137299,0.999999999999951,0.845201238390051,"7132",1
"hsa05310","Human Diseases","Immune disease","hsa05310","Asthma","1/921","32/9440",0.03125,0.320304017372421,-1.26630854308344,0.96277290137299,0.999999999999951,0.845201238390051,"3118",1
"hsa04130","Genetic Information Processing","Folding, sorting and degradation","hsa04130","SNARE interactions in vesicular transport","1/921","33/9440",0.0303030303030303,0.310597835027802,-1.30437522061413,0.966417263387815,0.999999999999951,0.845201238390051,"6843",1
"hsa04141","Genetic Information Processing","Folding, sorting and degradation","hsa04141","Protein processing in endoplasmic reticulum","5/921","171/9440",0.0292397660818713,0.299699665377704,-3.03853642574155,0.999872468402596,0.999999999999951,0.845201238390051,"1410/2081/81567/6747/3305",5
"hsa03013","Genetic Information Processing","Translation","hsa03013","Nucleocytoplasmic transport","3/921","108/9440",0.0277777777777778,0.284714682108819,-2.45811570995706,0.998825486279578,0.999999999999951,0.845201238390051,"1434/25909/1915",3
"hsa03040","Genetic Information Processing","Transcription","hsa03040","Spliceosome","6/921","237/9440",0.0253164556962025,0.259486798883987,-3.79612728594842,0.999997587750516,0.999999999999951,0.845201238390051,"9128/27316/10713/10946/3305/26855",6
"hsa03015","Genetic Information Processing","Translation","hsa03015","mRNA surveillance pathway","2/921","103/9440",0.0194174757281553,0.199023855454708,-2.68740433675317,0.999704577873849,0.999999999999951,0.845201238390051,"5522/5526",2
"hsa04740","Organismal Systems","Sensory system","hsa04740","Olfactory transduction","7/921","454/9440",0.0154185022026432,0.158035462315908,-6.04556671820798,0.999999999999951,0.999999999999951,0.845201238390051,"5138/5137/57101/5153/2788/123041/401427",7
