,ID,GeneID,geneSymbol,chr,strand,IJC_SAMPLE_1,SJC_SAMPLE_1,IJC_SAMPLE_2,SJC_SAMPLE_2,IncFormLen,SkipFormLen,PValue,FDR,IncLevel1,IncLevel2,IncLevelDifference
A5_ss,5537,ENSG00000163703.20,CRELD1,chr3,+,"20,32,19,6,15","215,203,177,268,85","0,8,2,0,3,5,3","71,295,213,110,171,151,88",179,98,7.88E-15,3.42E-11,"0.048,0.079,0.056,0.012,0.088","0.0,0.015,0.005,0.0,0.01,0.018,0.018",0.047
A5_ss,7941,ENSG00000117616.18,RSRP1,chr1,-,"27,27,18,17,5","183,214,211,3,45","15,51,42,14,57,48,30","28,20,8,9,57,41,13",1071,98,8.99E-15,3.42E-11,"0.013,0.011,0.008,0.341,0.01","0.047,0.189,0.325,0.125,0.084,0.097,0.174",-0.072
A5_ss,2397,ENSG00000072110.17,ACTN1,chr14,-,"156,144,162,253,74","72,80,44,49,36","119,222,168,188,181,000,000","12,6,10,16,15,25,13",629,98,4.14E-13,1.05E-09,"0.252,0.219,0.365,0.446,0.243","0.607,0.852,0.724,0.647,0.653,0.504,0.636",-0.355
A5_ss,7147,ENSG00000165795.25,NDRG2,chr14,-,"167,148,95,112,66","877,763,595,864,369","100,51,73,61,72,137,48","9,734,447,716,418,120,000,000",142,98,1.06E-11,2.01E-08,"0.116,0.118,0.099,0.082,0.11","0.066,0.073,0.061,0.062,0.058,0.058,0.05",0.044
A5_ss,11370,ENSG00000015479.20,MATR3,chr5,+,"15,3,7,5,1","2,10,2,2,0","7,3,8,2,12,6,1","0,1,0,0,0,0,0",321,98,5.41E-11,8.22E-08,"0.696,0.084,0.517,0.433,1.0","1.0,0.478,1.0,1.0,1.0,1.0,1.0",-0.379
A5_ss,920,ENSG00000129968.17,ABHD17A,chr19,-,"175,423,224,86,143","397,357,437,460,492","122,123,102,82,223,166,166","538,396,347,471,418,000,000",1355,98,1.58E-10,1.71E-07,"0.031,0.079,0.036,0.013,0.021","0.016,0.022,0.021,0.012,0.037,0.018,0.016",0.016
A5_ss,1123,ENSG00000185339.10,TCN2,chr22,+,"10,19,15,4,15","40,39,34,37,40","2,0,0,2,4,0,3","39,35,21,16,18,54,33",712,98,1.42E-10,1.71E-07,"0.033,0.063,0.057,0.015,0.049","0.007,0.0,0.0,0.017,0.03,0.0,0.012",0.034
A5_ss,3835,ENSG00000133895.19,MEN1,chr11,-,"10,22,4,0,0","30,31,31,78,20","0,0,1,0,1,0,0","37,55,48,18,52,50,24",247,98,2.67E-10,2.53E-07,"0.117,0.22,0.049,0.0,0.0","0.0,0.0,0.008,0.0,0.008,0.0,0.0",0.075
A5_ss,12091,ENSG00000198755.11,RPL10A,chr6,+,"60,111,81,56,35","118,810,617,691,206,000","45,36,28,24,54,45,16","8,981,085,112,369,910,000,000,000",356,98,3.49E-10,2.94E-07,"0.014,0.028,0.028,0.013,0.015","0.014,0.009,0.007,0.009,0.013,0.01,0.006",0.01
A5_ss,3120,ENSG00000166986.15,MARS1,chr12,+,"53,97,57,62,19","194,146,186,275,144","18,31,18,30,26,25,29","186,228,195,237,120,000,000",265,98,6.67E-10,5.07E-07,"0.092,0.197,0.102,0.077,0.047","0.035,0.048,0.033,0.045,0.074,0.039,0.072",0.054
A5_ss,13447,ENSG00000112282.18,MED23,chr6,-,"6,21,5,15,3","1,2,2,0,5","5,25,26,9,17,23,1","0,0,0,0,1,0,0",716,98,8.56E-10,5.91E-07,"0.451,0.59,0.255,1.0,0.076","1.0,1.0,1.0,1.0,0.699,1.0,1.0",-0.483
A5_ss,1223,ENSG00000006282.22,SPATA20,chr17,+,"5,0,0,2,0","78,54,51,72,24","0,16,2,0,11,0,34","41,26,44,39,23,50,26",285,98,2.43E-09,1.54E-06,"0.022,0.0,0.0,0.009,0.0","0.0,0.175,0.015,0.0,0.141,0.0,0.31",-0.085
A5_ss,14783,ENSG00000148187.18,MRRF,chr9,+,"13,17,20,10,3","0,4,0,0,0","2,5,12,4,0,0,2","3,8,2,0,1,6,3",757,98,5.32E-09,3.11E-06,"1.0,0.355,1.0,1.0,1.0","0.079,0.075,0.437,1.0,0.0,0.0,0.079",0.632
A5_ss,5444,ENSG00000115295.21,CLIP4,chr2,+,"25,10,25,7,12","36,29,28,46,4","4,6,6,2,6,12,6","15,64,57,13,71,41,16",1253,98,9.48E-09,4.50E-06,"0.052,0.026,0.065,0.012,0.19","0.02,0.007,0.008,0.012,0.007,0.022,0.028",0.054
A5_ss,5536,ENSG00000163703.20,CRELD1,chr3,+,"14,20,7,2,11","215,203,177,268,85","0,3,2,1,2,3,1","71,295,213,110,171,151,88",155,98,9.23E-09,4.50E-06,"0.04,0.059,0.024,0.005,0.076","0.0,0.006,0.006,0.006,0.007,0.012,0.007",0.035
A5_ss,6892,ENSG00000119688.21,ABCD4,chr14,-,"2,7,12,2,1","29,17,22,30,20","0,0,0,0,1,0,2","23,18,9,17,41,28,24",154,98,8.97E-09,4.50E-06,"0.042,0.208,0.258,0.041,0.031","0.0,0.0,0.0,0.0,0.015,0.0,0.05",0.107
A5_ss,14841,ENSG00000160271.16,RALGDS,chr9,-,"66,155,162,16,21","212,110,193,250,109","12,27,9,6,38,36,39","96,95,68,71,134,147,121",1122,98,1.13E-08,5.07E-06,"0.026,0.11,0.068,0.006,0.017","0.011,0.024,0.011,0.007,0.024,0.021,0.027",0.028
A5_ss,12128,ENSG00000137200.13,CMTR1,chr6,+,"37,11,18,4,11","85,29,64,139,19","2,0,4,0,12,5,16","30,98,100,50,98,70,46",602,98,1.33E-08,5.60E-06,"0.066,0.058,0.044,0.005,0.086","0.011,0.0,0.006,0.0,0.02,0.011,0.054",0.037
A5_ss,2705,ENSG00000290476.2,SUGT1P3,chr13,-,"10,13,6,6,1","0,0,1,0,0","5,17,9,12,20,16,6","3,3,5,0,3,1,1",236,98,3.71E-08,1.48E-05,"1.0,1.0,0.714,1.0,1.0","0.409,0.702,0.428,1.0,0.735,0.869,0.714",0.249
A5_ss,10834,ENSG00000163161.14,ERCC3,chr2,-,"7,8,23,4,2","31,7,8,40,2","4,7,2,0,0,2,0","6,34,39,9,61,14,3",796,98,4.11E-08,1.56E-05,"0.027,0.123,0.261,0.012,0.11","0.076,0.025,0.006,0.0,0.0,0.017,0.0",0.089
A5_ss,11042,ENSG00000105486.15,LIG1,chr19,-,"24,15,5,0,16","5,3,9,27,4","2,2,4,2,0,0,9","11,7,11,2,13,21,25",1101,98,4.79E-08,1.73E-05,"0.299,0.308,0.047,0.0,0.263","0.016,0.025,0.031,0.082,0.0,0.0,0.031",0.157
A5_ss,2508,ENSG00000100968.14,NFATC4,chr14,+,"27,30,46,34,19","0,0,0,2,0","33,22,14,42,16,76,56","1,1,2,6,3,5,4",422,98,8.46E-08,2.92E-05,"1.0,1.0,1.0,0.798,1.0","0.885,0.836,0.619,0.619,0.553,0.779,0.765",0.237
A5_ss,5264,ENSG00000090097.22,PCBP4,chr3,-,"159,140,176,323,143","11,10,7,8,4","261,209,152,156,320,000,000","5,2,5,0,2,3,1",392,98,1.61E-07,5.33E-05,"0.783,0.778,0.863,0.91,0.899","0.929,0.963,0.884,1.0,0.976,0.963,0.983",-0.11
A5_ss,366,ENSG00000160193.12,WDR4,chr21,-,"8,12,17,16,3","4,4,0,6,0","2,19,40,4,23,11,5","0,2,0,0,0,0,2",150,98,2.52E-07,7.99E-05,"0.566,0.662,1.0,0.635,1.0","1.0,0.861,1.0,1.0,1.0,1.0,0.62",-0.153
A5_ss,9597,ENSG00000158864.13,NDUFS2,chr1,+,"13,3,4,1,7","6,0,1,1,1","2,0,2,0,0,0,0","1,2,4,4,8,2,4",626,98,2.91E-07,8.86E-05,"0.253,1.0,0.385,0.135,0.523","0.238,0.0,0.073,0.0,0.0,0.0,0.0",0.415
A5_ss,14691,ENSG00000099956.20,SMARCB1,chr22,+,"29,63,38,7,10","156,109,110,295,55","11,16,6,0,13,5,29","117,163,128,111,107,000,000",981,98,3.28E-07,9.59E-05,"0.018,0.055,0.033,0.002,0.018","0.009,0.01,0.005,0.0,0.012,0.003,0.025",0.016
A5_ss,2985,ENSG00000089195.15,TRMT6,chr20,-,"7,5,2,6,0","10,3,5,32,2","0,0,0,0,2,2,1","3,21,20,4,10,17,2",219,98,4.49E-07,0.000122891,"0.239,0.427,0.152,0.077,0.0","0.0,0.0,0.0,0.0,0.082,0.05,0.183",0.134
A5_ss,10835,ENSG00000163161.14,ERCC3,chr2,-,"7,6,23,1,2","31,7,8,40,2","3,7,2,0,0,2,0","6,34,39,9,61,14,3",624,98,4.53E-07,0.000122891,"0.034,0.119,0.311,0.004,0.136","0.073,0.031,0.008,0.0,0.0,0.022,0.0",0.102
A5_ss,10731,ENSG00000163644.15,PPM1K,chr4,-,"496,662,301,495,54","7,4,0,17,0","93,482,589,118,741,300,000","1,2,0,0,4,0,0",490,98,4.78E-07,0.000125205,"0.934,0.971,1.0,0.853,1.0","0.949,0.98,1.0,1.0,0.974,1.0,1.0",-0.035
A5_ss,4640,ENSG00000124356.17,STAMBP,chr2,+,"467,451,601,791,367","0,0,0,2,0","438,590,457,336,601,000,000","4,1,3,3,2,2,1",4968,98,5.56E-07,0.000140738,"1.0,1.0,1.0,0.886,1.0","0.684,0.921,0.75,0.688,0.856,0.853,0.91",0.168
A5_ss,9407,ENSG00000135838.14,NPL,chr1,+,"9,54,13,3,2","15,6,4,13,5","1,2,3,0,2,5,0","19,8,9,15,16,15,6",397,98,6.79E-07,0.000166321,"0.129,0.69,0.445,0.054,0.09","0.013,0.058,0.076,0.0,0.03,0.076,0.0",0.245
A5_ss,1371,ENSG00000128487.19,SPECC1,chr17,+,"7,7,8,2,0","52,60,39,123,21","4,1,0,0,2,0,1","47,77,71,39,105,110,55",107,98,8.49E-07,0.000190213,"0.11,0.097,0.158,0.015,0.0","0.072,0.012,0.0,0.0,0.017,0.0,0.016",0.059
A5_ss,8566,ENSG00000171960.12,PPIH,chr1,+,"0,0,3,3,0","90,50,58,96,16","2,12,9,7,6,2,3","27,77,59,37,76,54,34",217,98,8.76E-07,0.000190213,"0.0,0.0,0.023,0.014,0.0","0.032,0.066,0.064,0.079,0.034,0.016,0.038",-0.04
A5_ss,10008,ENSG00000283103.6,ENSG00000283103,chr19,-,"1,6,0,4,2","3,0,2,4,1","4,15,1,1,3,6,3","0,5,0,0,1,0,0",201,98,8.66E-07,0.000190213,"0.14,1.0,0.0,0.328,0.494","1.0,0.594,1.0,1.0,0.594,1.0,1.0",-0.492
A5_ss,15041,ENSG00000137094.16,DNAJB5,chr9,+,"3,6,8,11,2","0,0,0,0,0","0,14,11,10,11,9,2","3,1,2,0,1,2,2",299,98,8.24E-07,0.000190213,"1.0,1.0,1.0,1.0,1.0","0.0,0.821,0.643,1.0,0.783,0.596,0.247",0.416
A5_ss,988,ENSG00000101489.20,CELF4,chr18,-,"112,47,64,152,19","0,0,0,5,2","27,122,151,62,209,70,27","2,9,18,2,18,0,1",101,98,9.33E-07,0.000196987,"1.0,1.0,1.0,0.967,0.902","0.929,0.929,0.891,0.968,0.918,1.0,0.963",0.031
A5_ss,812,ENSG00000011243.19,AKAP8L,chr19,-,"51,12,27,16,27","265,270,270,131,93","15,19,16,5,33,15,46","62,93,62,52,104,93,76",770,98,1.06E-06,0.000217586,"0.024,0.006,0.013,0.015,0.036","0.03,0.025,0.032,0.012,0.039,0.02,0.072",-0.014
A5_ss,15259,ENSG00000160408.16,ST6GALNAC6,chr9,-,"7,6,13,39,0","131,77,122,101,93","7,0,6,2,6,8,5","150,107,135,68,123,137,90",228,98,1.11E-06,0.000222333,"0.022,0.032,0.044,0.142,0.0","0.02,0.0,0.019,0.012,0.021,0.024,0.023",0.031
A5_ss,3841,ENSG00000133895.19,MEN1,chr11,-,"43,26,35,32,33","1,0,0,1,0","17,30,25,12,42,20,30","0,3,3,1,3,1,3",356,98,1.19E-06,0.000227405,"0.922,1.0,1.0,0.898,1.0","1.0,0.734,0.696,0.768,0.794,0.846,0.734",0.168
A5_ss,6455,ENSG00000131368.9,MRPS25,chr3,-,"29,46,53,11,18","185,101,150,250,39","15,15,15,9,17,18,22","130,223,180,135,138,000,000",187,98,1.20E-06,0.000227405,"0.076,0.193,0.156,0.023,0.195","0.057,0.034,0.042,0.034,0.061,0.065,0.069",0.077
A5_ss,10518,ENSG00000293616.2,PCBP1-AS1,chr2,-,"10,14,8,9,7","0,2,0,1,0","2,14,5,1,13,4,7","2,2,0,3,0,2,2",337,98,1.35E-06,0.000244955,"1.0,0.671,1.0,0.724,1.0","0.225,0.671,1.0,0.088,1.0,0.368,0.504",0.328
A5_ss,13970,ENSG00000188917.15,TRMT2B,chrX,-,"3,20,12,21,3","0,0,0,2,0","10,15,16,10,31,18,8","1,1,2,2,5,2,0",289,98,1.32E-06,0.000244955,"1.0,1.0,1.0,0.781,1.0","0.772,0.836,0.731,0.629,0.678,0.753,1.0",0.185
A5_ss,10076,ENSG00000140650.13,PMM2,chr16,+,"22,28,44,14,48","0,1,0,1,0","28,14,13,14,21,30,41","5,2,0,0,4,0,4",1155,98,1.53E-06,0.000270814,"1.0,0.704,1.0,0.543,1.0","0.322,0.373,1.0,1.0,0.308,1.0,0.465",0.211
A5_ss,4177,ENSG00000177225.17,GATD1,chr11,-,"13,10,5,2,2","76,81,60,101,71","0,3,1,0,1,0,1","53,87,49,59,78,69,66",192,98,1.58E-06,0.000273701,"0.08,0.059,0.041,0.01,0.014","0.0,0.017,0.01,0.0,0.007,0.0,0.008",0.035
A5_ss,9070,ENSG00000127990.19,SGCE,chr7,-,"84,64,78,108,102","109,181,90,52,62","69,110,77,87,100,112,119","84,47,43,48,72,45,65",1009,98,1.79E-06,0.000301447,"0.07,0.033,0.078,0.168,0.138","0.074,0.185,0.148,0.15,0.119,0.195,0.151",-0.049
A5_ss,788,ENSG00000130475.16,FCHO1,chr19,+,"8,6,4,6,7","1,0,0,0,0","0,8,2,4,21,10,5","3,0,4,0,7,3,0",203,98,1.88E-06,0.000310697,"0.794,1.0,1.0,1.0,1.0","0.0,1.0,0.194,1.0,0.592,0.617,1.0",0.33
A5_ss,5872,ENSG00000013441.17,CLK1,chr2,-,"145,430,294,48,55","0,13,2,0,0","17,37,36,8,43,73,39","0,0,0,0,0,0,0",925,98,2.05E-06,0.000317182,"1.0,0.778,0.94,1.0,1.0","1.0,1.0,1.0,1.0,1.0,1.0,1.0",-0.056
A5_ss,10160,ENSG00000182165.21,TP53TG1,chr7,-,"8,8,5,2,7","38,49,48,25,40","0,1,5,2,3,0,0","36,47,33,41,37,50,71",266,98,2.04E-06,0.000317182,"0.072,0.057,0.037,0.029,0.061","0.0,0.008,0.053,0.018,0.029,0.0,0.0",0.036
A5_ss,11225,ENSG00000070756.17,PABPC1,chr8,-,"29,17,18,3,18","416,576,429,392,303","6,10,3,3,6,5,3","314,356,280,276,240,000,000",115,98,1.99E-06,0.000317182,"0.056,0.025,0.035,0.006,0.048","0.016,0.023,0.009,0.009,0.021,0.013,0.007",0.02
A5_ss,5737,ENSG00000246731.4,MGC16275,chr17,-,"3,5,6,3,9","9,2,2,4,6","8,1,3,2,3,12,1","1,1,0,0,0,1,2",197,98,2.22E-06,0.000337141,"0.142,0.554,0.599,0.272,0.427","0.799,0.332,1.0,1.0,1.0,0.857,0.199",-0.342
A5_ss,3114,ENSG00000135506.17,OS9,chr12,+,"528,537,390,693,154","21,15,6,24,5","244,492,456,239,361,000,000","1,4,6,2,8,5,3",143,98,2.31E-06,0.000337714,"0.945,0.961,0.978,0.952,0.955","0.994,0.988,0.981,0.988,0.969,0.982,0.98",-0.025
A5_ss,11431,ENSG00000250988.9,SNHG21,chr15,+,"72,125,88,45,60","7,12,7,6,8","31,38,30,20,30,62,37","3,10,14,11,10,6,30",2099,98,2.28E-06,0.000337714,"0.324,0.327,0.37,0.259,0.259","0.325,0.151,0.091,0.078,0.123,0.325,0.054",0.144
A5_ss,6464,ENSG00000158201.10,ABHD3,chr18,-,"13,42,20,2,5","11,12,7,8,0","0,4,3,2,0,2,0","7,17,12,4,10,4,3",538,98,3.23E-06,0.000463161,"0.177,0.389,0.342,0.044,1.0","0.0,0.041,0.044,0.083,0.0,0.083,0.0",0.355
A5_ss,15190,ENSG00000108231.14,LGI1,chr10,+,"10,33,11,2,24","30,19,21,61,3","3,5,4,1,3,3,4","10,49,57,18,48,19,3",558,98,3.62E-06,0.000509502,"0.055,0.234,0.084,0.006,0.584","0.05,0.018,0.012,0.01,0.011,0.027,0.19",0.147
A5_ss,4700,ENSG00000127419.17,TMEM175,chr4,+,"45,46,45,41,20","32,12,20,58,8","25,26,15,8,13,27,22","22,45,32,22,30,42,23",559,98,3.70E-06,0.000510608,"0.198,0.402,0.283,0.11,0.305","0.166,0.092,0.076,0.06,0.071,0.101,0.144",0.158
A5_ss,5945,ENSG00000164877.19,MICALL2,chr7,-,"15,8,10,0,9","18,13,15,25,15","0,0,2,0,0,4,6","13,9,9,10,12,13,27",199,98,4.78E-06,0.000648511,"0.291,0.233,0.247,0.0,0.228","0.0,0.0,0.099,0.0,0.0,0.132,0.099",0.153
A5_ss,9702,ENSG00000117335.21,CD46,chr1,+,"7,4,20,16,8","2,18,14,6,2","0,8,1,0,1,5,4","1,10,11,3,19,6,6",1047,98,5.08E-06,0.000677392,"0.247,0.02,0.118,0.2,0.272","0.0,0.07,0.008,0.0,0.005,0.072,0.059",0.141
A5_ss,180,ENSG00000291064.2,ENSG00000291064,chr22,+,"0,2,0,1,0","16,12,6,15,3","1,7,8,0,2,0,4","3,19,14,9,12,2,11",149,98,5.23E-06,0.00068519,"0.0,0.099,0.0,0.042,0.0","0.18,0.195,0.273,0.0,0.099,0.0,0.193",-0.106
A5_ss,9347,ENSG00000068912.15,ERLEC1,chr2,+,"175,87,113,398,20","6,10,3,0,0","68,300,364,92,201,157,69","0,0,3,0,0,2,1",1645,98,5.64E-06,0.000726999,"0.635,0.341,0.692,1.0,1.0","1.0,1.0,0.878,1.0,1.0,0.824,0.804",-0.196
A5_ss,7260,ENSG00000090013.11,BLVRB,chr19,-,"17,20,16,40,16","0,2,2,6,0","18,34,11,25,15,26,25","0,0,0,0,0,2,0",773,98,5.91E-06,0.000736423,"1.0,0.559,0.504,0.458,1.0","1.0,1.0,1.0,1.0,1.0,0.622,1.0",-0.242
A5_ss,9599,ENSG00000158864.13,NDUFS2,chr1,+,"24,50,49,20,5","339,315,426,535,141","10,20,12,10,13,20,36","289,466,359,353,429,000,000",209,98,5.86E-06,0.000736423,"0.032,0.069,0.051,0.017,0.016","0.016,0.02,0.015,0.013,0.014,0.026,0.038",0.017
A5_ss,1484,ENSG00000141030.13,COPS3,chr17,-,"92,86,40,195,13","12,17,11,0,5","23,145,191,52,152,111,9","2,3,4,0,6,4,0",236,98,6.04E-06,0.000740381,"0.761,0.677,0.602,1.0,0.519","0.827,0.953,0.952,1.0,0.913,0.92,1.0",-0.226
A5_ss,5038,ENSG00000144381.18,HSPD1,chr2,-,"4,711,098,368,301,110","2,17,1,1,0","101,323,326,119,252,203,82","0,0,2,0,0,0,0",735,98,6.43E-06,0.000775047,"0.969,0.896,0.98,0.976,1.0","1.0,1.0,0.956,1.0,1.0,1.0,1.0",-0.03
A5_ss,3445,ENSG00000151503.14,NCAPD3,chr11,-,"16,41,24,2,12","9,6,15,26,12","6,4,0,2,6,8,16","11,15,13,5,17,18,10",3407,98,7.12E-06,0.000845494,"0.049,0.164,0.044,0.002,0.028","0.015,0.008,0.0,0.011,0.01,0.013,0.044",0.043
A5_ss,8994,ENSG00000101052.13,IFT52,chr20,+,"5,6,8,3,5","26,14,36,66,7","2,4,0,0,3,0,1","21,37,28,20,40,38,15",241,98,7.31E-06,0.000854959,"0.073,0.148,0.083,0.018,0.225","0.037,0.042,0.0,0.0,0.03,0.0,0.026",0.09
A5_ss,10282,ENSG00000167614.14,TTYH1,chr19,+,"24,24,24,35,15","0,0,0,1,0","26,19,12,13,10,21,27","2,3,1,1,0,1,2",956,98,7.58E-06,0.000872787,"1.0,1.0,1.0,0.782,1.0","0.571,0.394,0.552,0.571,1.0,0.683,0.581",0.335
A5_ss,8203,ENSG00000114796.16,KLHL24,chr3,+,"23,15,18,10,9","6,0,4,0,2","14,6,11,1,18,5,6","0,0,2,0,0,0,0",144,98,8.09E-06,0.000909217,"0.723,1.0,0.754,1.0,0.754","1.0,1.0,0.789,1.0,1.0,1.0,1.0",-0.124
A5_ss,13439,ENSG00000168522.13,FNTA,chr8,+,"52,215,64,59,40","108,113,103,146,48","40,29,66,35,78,39,31","88,118,114,55,120,103,68",3175,98,8.14E-06,0.000909217,"0.015,0.055,0.019,0.012,0.025","0.014,0.008,0.018,0.019,0.02,0.012,0.014",0.01
A5_ss,15087,ENSG00000096746.18,HNRNPH3,chr10,+,"526,652,321,256,140","9,13,7,26,2","235,351,288,139,380,000,000","5,22,16,7,19,35,20",143,98,8.40E-06,0.000924828,"0.976,0.972,0.969,0.871,0.98","0.97,0.916,0.925,0.932,0.932,0.843,0.856",0.043
A5_ss,220,ENSG00000100242.16,SUN2,chr22,-,"12,15,37,4,10","172,162,251,180,96","5,4,1,3,19,9,6","143,173,120,51,320,201,181",216,98,9.00E-06,0.000977302,"0.031,0.04,0.063,0.01,0.045","0.016,0.01,0.004,0.026,0.026,0.02,0.015",0.021
A5_ss,4165,ENSG00000214063.12,TSPAN4,chr11,+,"81,103,55,10,19","28,23,17,23,17","11,8,18,13,32,20,51","28,19,19,13,21,21,34",1709,98,9.62E-06,0.001029973,"0.142,0.204,0.156,0.024,0.06","0.022,0.024,0.052,0.054,0.08,0.052,0.079",0.065
A5_ss,7146,ENSG00000165795.25,NDRG2,chr14,-,"76,64,61,56,29","877,763,595,864,369","60,32,38,26,37,76,33","9,734,447,716,418,120,000,000",152,98,1.06E-05,0.001120355,"0.053,0.051,0.062,0.04,0.048","0.038,0.044,0.031,0.025,0.029,0.031,0.033",0.018
A5_ss,4504,ENSG00000182196.14,ARL6IP4,chr12,+,"218,189,137,216,129","19,22,24,52,17","141,209,81,126,214,197,180","18,13,4,4,15,23,8",131,98,1.19E-05,0.001219987,"0.896,0.865,0.81,0.757,0.85","0.854,0.923,0.938,0.959,0.914,0.865,0.944",-0.078
A5_ss,6923,ENSG00000050820.17,BCAR1,chr16,-,"7,12,7,1,5","109,99,72,108,42","0,3,4,0,3,2,1","81,98,88,47,103,89,78",152,98,1.18E-05,0.001219987,"0.04,0.072,0.059,0.006,0.071","0.0,0.019,0.028,0.0,0.018,0.014,0.008",0.037
A5_ss,2920,ENSG00000204842.18,ATXN2,chr12,-,"6,5,10,3,1","32,14,20,62,8","2,0,6,0,1,0,1","11,27,46,11,56,28,14",145,98,1.29E-05,0.00129126,"0.112,0.194,0.253,0.032,0.078","0.109,0.0,0.081,0.0,0.012,0.0,0.046",0.098
A5_ss,3861,ENSG00000168002.12,POLR2G,chr11,+,"60,38,32,22,11","142,128,125,276,37","15,29,28,9,30,12,9","166,155,128,103,130,000,000",378,98,1.28E-05,0.00129126,"0.099,0.071,0.062,0.02,0.072","0.023,0.046,0.054,0.022,0.056,0.017,0.014",0.032
A5_ss,13734,ENSG00000163472.19,TMEM79,chr1,+,"94,157,77,38,65","4,4,0,2,1","12,28,30,14,39,41,41","0,0,0,0,0,0,0",814,98,1.34E-05,0.001321281,"0.739,0.825,1.0,0.696,0.887","1.0,1.0,1.0,1.0,1.0,1.0,1.0",-0.171
A5_ss,4769,ENSG00000213928.10,IRF9,chr14,+,"3,1,3,1,6","3,2,6,7,0","0,2,0,0,1,0,1","1,3,6,4,2,2,6",170,98,1.43E-05,0.001392911,"0.366,0.224,0.224,0.076,1.0","0.0,0.278,0.0,0.0,0.224,0.0,0.088",0.294
A5_ss,10112,ENSG00000109184.15,DCUN1D4,chr4,+,"22,7,20,9,2","27,32,21,33,2","0,6,5,0,8,13,0","4,35,59,4,53,12,7",704,98,1.51E-05,0.001449648,"0.102,0.03,0.117,0.037,0.122","0.0,0.023,0.012,0.0,0.021,0.131,0.0",0.055
A5_ss,8925,ENSG00000130414.13,NDUFA10,chr2,-,"147,209,277,158,114","158,143,164,396,24","99,127,127,51,187,139,77","94,281,199,99,162,180,85",2505,98,1.57E-05,0.001489953,"0.035,0.054,0.062,0.015,0.157","0.04,0.017,0.024,0.02,0.043,0.029,0.034",0.035
A5_ss,2355,ENSG00000100577.19,GSTZ1,chr14,+,"26,15,25,105,13","0,1,0,2,0","82,46,59,54,29,42,52","0,1,0,1,5,3,4",583,98,1.64E-05,0.001541394,"1.0,0.716,1.0,0.898,1.0","1.0,0.885,1.0,0.901,0.494,0.702,0.686",0.113
A5_ss,11487,ENSG00000133706.20,LARS1,chr5,-,"4,10,6,3,8","43,61,42,86,12","0,3,7,0,2,1,1","17,70,109,13,68,75,12",168,98,1.87E-05,0.001730727,"0.051,0.087,0.077,0.02,0.28","0.0,0.024,0.036,0.0,0.017,0.008,0.046",0.084
A5_ss,4636,ENSG00000124356.17,STAMBP,chr2,+,"2,8,12,3,3","23,33,26,46,12","0,0,0,6,3,4,0","17,49,44,15,67,33,9",246,98,1.89E-05,0.001731353,"0.033,0.088,0.155,0.025,0.091","0.0,0.0,0.0,0.137,0.018,0.046,0.0",0.05
A5_ss,13292,ENSG00000127980.16,PEX1,chr7,-,"2,6,8,29,1","0,0,2,0,0","7,21,15,10,9,11,9","1,2,0,2,2,8,0",103,98,2.03E-05,0.001837126,"1.0,1.0,0.792,1.0,1.0","0.869,0.909,1.0,0.826,0.811,0.567,1.0",0.104
A5_ss,7730,ENSG00000163798.14,SLC4A1AP,chr2,+,"171,153,150,217,45","1,6,3,0,0","113,233,205,162,117,000,000","1,0,0,2,0,0,0",3588,98,2.16E-05,0.001933519,"0.824,0.411,0.577,1.0,1.0","0.755,1.0,1.0,0.689,1.0,1.0,1.0",-0.158
A5_ss,326,ENSG00000186716.21,BCR,chr22,+,"9,18,18,1,7","230,179,191,282,177","0,3,3,0,7,2,10","180,195,237,198,134,000,000",180,98,2.26E-05,0.001992924,"0.021,0.052,0.049,0.002,0.021","0.0,0.008,0.007,0.0,0.028,0.005,0.027",0.018
A5_ss,4078,ENSG00000175390.15,EIF3F,chr11,+,"12,30,26,21,13","244,269,182,298,119","5,7,13,5,13,14,5","153,229,213,129,221,000,000",218,98,2.37E-05,0.00207005,"0.022,0.048,0.06,0.031,0.047","0.014,0.014,0.027,0.017,0.026,0.022,0.017",0.022
A5_ss,385,ENSG00000166979.13,EVA1C,chr21,+,"21,7,7,45,11","5,0,2,4,4","10,12,14,16,15,18,10","2,2,0,0,2,0,0",107,98,2.47E-05,0.002129533,"0.794,1.0,0.762,0.912,0.716","0.821,0.846,1.0,1.0,0.873,1.0,1.0",-0.097
A5_ss,14053,ENSG00000153558.17,FBXL2,chr3,+,"12,2,14,13,0","46,21,37,116,5","0,6,7,2,4,7,0","12,115,118,25,95,50,9",191,98,2.51E-05,0.002144659,"0.118,0.047,0.163,0.054,0.0","0.0,0.026,0.03,0.039,0.021,0.067,0.0",0.05
A5_ss,821,ENSG00000104915.15,STX10,chr19,-,"65,59,87,120,77","2,4,3,2,10","80,63,31,70,74,90,107","0,0,2,0,0,1,2",102,98,2.64E-05,0.00223207,"0.969,0.934,0.965,0.983,0.881","1.0,1.0,0.937,1.0,1.0,0.989,0.981",-0.04
A5_ss,552,ENSG00000101220.18,ADISSP,chr20,-,"13,8,19,17,4","98,49,50,125,52","2,11,5,4,3,6,4","70,88,93,31,73,94,75",173,98,2.74E-05,0.002284642,"0.07,0.085,0.177,0.072,0.042","0.016,0.066,0.03,0.068,0.023,0.035,0.029",0.051
A5_ss,409,ENSG00000197114.12,ZGPAT,chr20,+,"61,46,52,117,22","1,0,5,1,0","87,66,49,52,48,63,103","3,6,9,5,8,1,6",125,98,2.87E-05,0.002370311,"0.98,1.0,0.891,0.989,1.0","0.958,0.896,0.81,0.891,0.825,0.98,0.931",0.073
A5_ss,7880,ENSG00000126705.15,AHDC1,chr1,-,"1,0,5,4,3","0,4,9,3,2","3,3,1,0,8,4,8","0,2,0,1,0,3,0",102,98,2.93E-05,0.002396111,"1.0,0.0,0.348,0.562,0.59","1.0,0.59,1.0,0.0,1.0,0.562,1.0",-0.236
A5_ss,6211,ENSG00000255717.10,SNHG1,chr11,-,"35,77,34,25,36","0,23,7,0,0","9,39,18,17,50,30,9","0,0,0,2,2,0,0",599,98,3.29E-05,0.002661115,"1.0,0.354,0.443,1.0,1.0","1.0,1.0,1.0,0.582,0.804,1.0,1.0",-0.153
A5_ss,1235,ENSG00000198740.9,ZNF652,chr17,-,"86,48,77,59,49","0,0,0,3,1","48,46,47,23,129,37,57","1,5,6,3,3,0,1",638,98,3.73E-05,0.002984961,"1.0,1.0,1.0,0.751,0.883","0.881,0.586,0.546,0.541,0.869,1.0,0.897",0.167
A5_ss,2311,ENSG00000103197.20,TSC2,chr16,+,"18,7,10,13,2","53,27,48,67,17","0,2,2,0,8,2,8","23,53,62,25,38,41,27",800,98,3.93E-05,0.003112782,"0.04,0.031,0.025,0.023,0.014","0.0,0.005,0.004,0.0,0.025,0.006,0.035",0.016
A5_ss,14900,ENSG00000107959.17,PITRM1,chr10,-,"8,14,11,13,3","1,2,7,1,0","6,14,22,4,15,8,2","0,0,0,0,0,2,0",113,98,4.09E-05,0.003201971,"0.874,0.859,0.577,0.919,1.0","1.0,1.0,1.0,1.0,1.0,0.776,1.0",-0.122
A5_ss,5366,ENSG00000170949.18,ZNF160,chr19,-,"11,9,7,5,5","5,0,0,3,3","0,4,4,0,4,3,0","4,4,4,3,6,7,4",322,98,4.24E-05,0.003253031,"0.401,1.0,1.0,0.337,0.337","0.0,0.233,0.233,0.0,0.169,0.115,0.0",0.508
A5_ss,12723,ENSG00000130396.22,AFDN,chr6,+,"6,2,2,1,16","14,20,7,22,8","0,0,4,0,5,0,0","9,15,18,5,21,19,6",329,98,4.24E-05,0.003253031,"0.113,0.029,0.078,0.013,0.373","0.0,0.0,0.062,0.0,0.066,0.0,0.0",0.103
A5_ss,9505,ENSG00000143416.21,SELENBP1,chr1,-,"157,170,130,183,46","0,11,0,0,3","164,64,120,108,82,227,114","0,0,0,0,1,0,0",807,98,4.57E-05,0.003471796,"1.0,0.652,1.0,1.0,0.651","1.0,1.0,1.0,1.0,0.909,1.0,1.0",-0.126
A5_ss,6012,ENSG00000114054.14,PCCB,chr3,+,"126,79,114,214,47","3,7,6,2,0","58,155,138,92,124,164,90","0,2,0,0,5,1,0",443,98,4.68E-05,0.003517886,"0.903,0.714,0.808,0.959,1.0","1.0,0.945,1.0,1.0,0.846,0.973,1.0",-0.089
A5_ss,3479,ENSG00000154134.15,ROBO3,chr11,+,"47,94,50,62,87","0,0,1,5,5","36,30,12,27,27,36,51","0,0,0,0,0,0,1",571,98,4.80E-05,0.003544926,"1.0,1.0,0.896,0.68,0.749","1.0,1.0,1.0,1.0,1.0,1.0,0.897",-0.12
A5_ss,12722,ENSG00000130396.22,AFDN,chr6,+,"8,4,1,1,16","14,20,7,22,8","0,0,4,0,6,0,0","9,15,18,5,21,19,6",323,98,4.77E-05,0.003544926,"0.148,0.057,0.042,0.014,0.378","0.0,0.0,0.063,0.0,0.08,0.0,0.0",0.107
A5_ss,12942,ENSG00000110958.16,PTGES3,chr12,-,"26,184,64,16,15","665,937,428,618,196","4,16,9,3,16,8,7","217,566,617,228,520,000,000",670,98,5.48E-05,0.004001193,"0.006,0.028,0.021,0.004,0.011","0.003,0.004,0.002,0.002,0.004,0.004,0.006",0.01
A5_ss,4634,ENSG00000124356.17,STAMBP,chr2,+,"28,44,17,26,22","0,0,2,1,0","8,28,30,18,93,16,6","3,2,6,0,0,0,5",538,98,5.66E-05,0.004094861,"1.0,1.0,0.608,0.826,1.0","0.327,0.718,0.477,1.0,1.0,1.0,0.179",0.215
A5_ss,1962,ENSG00000122390.19,NAA60,chr16,+,"5,2,2,10,2","9,6,2,8,4","0,5,0,3,1,3,0","3,22,10,16,10,13,1",164,98,6.30E-05,0.004396064,"0.249,0.166,0.374,0.428,0.23","0.0,0.12,0.0,0.101,0.056,0.121,0.0",0.233
A5_ss,5011,ENSG00000092094.11,OSGEP,chr14,-,"9,4,11,10,5","37,19,46,60,11","1,5,1,0,1,2,12","21,59,35,33,41,41,42",160,98,6.23E-05,0.004396064,"0.13,0.114,0.128,0.093,0.218","0.028,0.049,0.017,0.0,0.015,0.029,0.149",0.096
A5_ss,11111,ENSG00000242588.8,ENSG00000242588,chr7,+,"67,98,109,53,82","1,6,0,0,2","36,43,53,41,53,66,101","1,0,0,0,0,0,1",2580,98,6.31E-05,0.004396064,"0.718,0.383,1.0,1.0,0.609","0.578,1.0,1.0,1.0,1.0,1.0,0.793",-0.168
A5_ss,14238,ENSG00000107104.21,KANK1,chr9,+,"24,35,12,18,16","3,9,2,2,6","18,14,49,25,33,38,15","2,2,0,0,1,6,0",152,98,6.29E-05,0.004396064,"0.838,0.715,0.795,0.853,0.632","0.853,0.819,1.0,1.0,0.955,0.803,1.0",-0.152
A5_ss,3753,ENSG00000197345.13,MRPL21,chr11,-,"7,20,8,9,13","204,171,221,252,106","1,5,8,5,3,8,9","212,206,154,223,132,000,000",179,98,6.48E-05,0.004438777,"0.018,0.06,0.019,0.019,0.063","0.003,0.013,0.028,0.012,0.012,0.018,0.015",0.021
A5_ss,12589,ENSG00000310526.1,WASH7P,chr1,-,"4,1,0,2,4","1,2,5,5,2","1,1,0,0,1,0,1","1,8,6,3,4,1,7",178,98,6.45E-05,0.004438777,"0.688,0.216,0.0,0.18,0.524","0.355,0.064,0.0,0.0,0.121,0.0,0.073",0.234
A5_ss,8927,ENSG00000130414.13,NDUFA10,chr2,-,"335,384,445,553,181","1,0,0,3,0","202,423,397,193,387,000,000","2,3,8,2,1,0,0",2607,98,6.57E-05,0.004459795,"0.926,1.0,1.0,0.874,1.0","0.792,0.841,0.651,0.784,0.936,1.0,1.0",0.102
A5_ss,3931,ENSG00000214719.14,ENSG00000214719,chr17,+,"16,11,8,21,3","1,3,1,1,0","11,8,13,15,8,9,9","6,5,3,3,4,4,5",150,98,6.76E-05,0.004504811,"0.913,0.705,0.839,0.932,1.0","0.545,0.511,0.739,0.766,0.566,0.595,0.54",0.269
A5_ss,14825,ENSG00000130713.17,EXOSC2,chr9,+,"2,4,6,2,1","31,34,22,75,5","0,1,0,0,1,0,2","16,67,53,37,39,31,21",111,98,6.71E-05,0.004504811,"0.054,0.094,0.194,0.023,0.15","0.0,0.013,0.0,0.0,0.022,0.0,0.078",0.087
A5_ss,1122,ENSG00000185339.10,TCN2,chr22,+,"3,8,7,2,7","40,39,34,37,40","2,0,0,0,4,0,1","39,35,21,16,18,54,33",357,98,7.20E-05,0.004729334,"0.02,0.053,0.053,0.015,0.046","0.014,0.0,0.0,0.0,0.057,0.0,0.008",0.026
A5_ss,10810,ENSG00000006062.18,MAP3K14,chr17,-,"10,2,6,1,0","2,7,5,6,5","0,0,0,0,2,3,0","2,10,5,2,9,1,7",304,98,7.22E-05,0.004729334,"0.617,0.084,0.279,0.051,0.0","0.0,0.0,0.0,0.0,0.067,0.492,0.0",0.126
A5_ss,10634,ENSG00000173559.15,NABP1,chr2,+,"12,2,2,8,6","0,0,0,2,0","6,8,12,3,10,7,1","0,0,3,0,6,1,2",562,98,7.41E-05,0.004809702,"1.0,1.0,1.0,0.411,1.0","1.0,1.0,0.411,1.0,0.225,0.55,0.08",0.273
A5_ss,2506,ENSG00000100445.18,SDR39U1,chr14,-,"21,21,20,22,9","99,60,66,160,17","13,14,10,17,14,10,7","66,113,113,104,92,127,107",167,98,7.54E-05,0.004857798,"0.111,0.17,0.151,0.075,0.237","0.104,0.068,0.049,0.088,0.082,0.044,0.037",0.081
A5_ss,12117,ENSG00000137409.21,MTCH1,chr6,-,"2,398,194,412,902,490,000","466,377,379,584,115","8,911,870,206,781,910,000,000,000","203,586,671,255,478,000,000",149,98,7.95E-05,0.005074,"0.772,0.772,0.691,0.737,0.797","0.743,0.677,0.67,0.679,0.692,0.731,0.681",0.058
A5_ss,4584,ENSG00000226688.10,ENTPD1-AS1,chr10,-,"10,2,4,7,4","0,1,1,0,0","7,10,11,0,13,3,12","0,1,4,3,4,0,1",213,98,8.14E-05,0.005113394,"1.0,0.479,0.648,1.0,1.0","1.0,0.821,0.559,0.0,0.599,1.0,0.847",0.136
A5_ss,11974,ENSG00000120616.16,EPC1,chr10,-,"8,19,3,9,2","12,19,2,15,3","0,6,6,1,9,3,0","9,14,13,8,19,36,6",247,98,8.14E-05,0.005113394,"0.209,0.284,0.373,0.192,0.209","0.0,0.145,0.155,0.047,0.158,0.032,0.0",0.177
A5_ss,12582,ENSG00000310526.1,WASH7P,chr1,-,"4,2,2,3,5","0,0,0,1,2","1,3,3,2,1,0,6","0,3,0,0,4,1,2",487,98,8.30E-05,0.005126325,"1.0,1.0,1.0,0.376,0.335","1.0,0.168,1.0,1.0,0.048,0.0,0.376",0.229
A5_ss,13544,ENSG00000102977.18,ACD,chr16,-,"34,42,40,59,11","8,12,5,6,5","31,52,35,23,45,20,47","3,3,2,0,2,0,4",406,98,8.25E-05,0.005126325,"0.506,0.458,0.659,0.704,0.347","0.714,0.807,0.809,1.0,0.845,1.0,0.739",-0.31
A5_ss,6911,ENSG00000164609.10,SLU7,chr5,-,"22,14,16,20,4","0,0,0,3,0","10,32,35,11,45,11,9","2,1,1,0,4,4,0",525,98,8.48E-05,0.005199081,"1.0,1.0,1.0,0.554,1.0","0.483,0.857,0.867,1.0,0.677,0.339,1.0",0.165
A5_ss,6570,ENSG00000125462.21,MIR9-1HG,chr1,-,"7,21,2,3,1","2,0,0,5,3","9,2,5,4,2,8,7","0,0,0,1,0,1,0",126,98,8.76E-05,0.005327408,"0.731,1.0,1.0,0.318,0.206","1.0,1.0,1.0,0.757,1.0,0.862,1.0",-0.295
A5_ss,804,ENSG00000099949.22,LZTR1,chr22,+,"15,3,13,1,0","36,25,12,23,7","1,1,5,0,2,0,7","15,37,37,7,30,28,13",542,98,9.45E-05,0.005701909,"0.07,0.021,0.164,0.008,0.0","0.012,0.005,0.024,0.0,0.012,0.0,0.089",0.032
A5_ss,5576,ENSG00000175193.14,PARL,chr3,-,"12,25,18,9,0","54,45,56,136,11","2,7,4,2,16,10,2","50,106,93,49,81,76,53",154,98,0.000100282,0.006000363,"0.124,0.261,0.17,0.04,0.0","0.025,0.04,0.027,0.025,0.112,0.077,0.023",0.072
A5_ss,7865,ENSG00000117054.15,ACADM,chr1,+,"74,73,28,99,14","10,19,11,2,1","12,126,110,50,105,108,35","0,1,0,4,11,1,0",804,98,0.000101652,0.006034802,"0.474,0.319,0.237,0.858,0.631","1.0,0.939,1.0,0.604,0.538,0.929,1.0",-0.355
A5_ss,1777,ENSG00000168488.19,ATXN2L,chr16,+,"413,412,437,299,250","21,19,24,86,24","213,201,151,125,236,000,000","48,45,39,77,33,38,83",461,98,0.000106611,0.006231797,"0.807,0.822,0.795,0.425,0.689","0.485,0.487,0.451,0.257,0.603,0.622,0.446",0.229
A5_ss,14115,ENSG00000214548.19,MEG3,chr14,+,"82,32,30,21,27","1,0,10,1,4","14,12,33,12,3,36,22","0,1,0,0,0,0,4",896,98,0.000106414,0.006231797,"0.9,1.0,0.247,0.697,0.425","1.0,0.568,1.0,1.0,1.0,1.0,0.376",-0.195
A5_ss,4506,ENSG00000284954.1,ENSG00000284954,chr6,-,"15,21,19,23,12","0,0,0,0,1","29,26,9,34,22,19,27","1,2,0,1,2,8,2",127,98,0.000108665,0.006303399,"1.0,1.0,1.0,1.0,0.903","0.957,0.909,1.0,0.963,0.895,0.647,0.912",0.083
A5_ss,3379,ENSG00000111667.14,USP5,chr12,+,"315,238,253,681,66","35,48,47,65,34","175,472,511,234,364,000,000","24,24,32,13,21,30,26",167,98,0.000112917,0.006500421,"0.841,0.744,0.76,0.86,0.533","0.811,0.92,0.904,0.914,0.91,0.834,0.789",-0.121
A5_ss,6722,ENSG00000139998.16,RAB15,chr14,-,"47,34,30,13,6","62,61,55,158,22","3,27,36,9,37,15,6","42,156,143,62,135,69,31",593,98,0.000116649,0.006664792,"0.111,0.084,0.083,0.013,0.043","0.012,0.028,0.04,0.023,0.043,0.035,0.031",0.037
A5_ss,4164,ENSG00000177830.18,CHID1,chr11,-,"8,13,15,12,9","263,183,164,247,98","0,1,3,1,7,8,7","118,194,208,104,110,000,000",148,98,0.000119088,0.006753359,"0.02,0.045,0.057,0.031,0.057","0.0,0.003,0.009,0.006,0.04,0.039,0.032",0.024
A5_ss,3372,ENSG00000170919.17,TPT1-AS1,chr13,+,"2,31,0,6,17","5,0,16,0,0","13,8,16,12,28,22,25","0,0,0,0,0,0,0",164,98,0.000120709,0.006794572,"0.193,1.0,0.0,1.0,1.0","1.0,1.0,1.0,1.0,1.0,1.0,1.0",-0.361
A5_ss,8899,ENSG00000196189.14,SEMA4A,chr1,+,"2,8,0,2,2","12,7,1,9,2","0,0,3,1,0,1,0","2,14,12,4,15,9,5",366,98,0.000133172,0.007440998,"0.043,0.234,0.0,0.056,0.211","0.0,0.0,0.063,0.063,0.0,0.029,0.0",0.087
A5_ss,5065,ENSG00000234327.11,ZNF232-AS1,chr17,+,"15,3,21,12,12","27,30,22,53,18","8,21,13,0,3,10,8","48,69,28,56,43,61,33",625,98,0.000144167,0.007938611,"0.08,0.015,0.13,0.034,0.095","0.025,0.046,0.068,0.0,0.011,0.025,0.037",0.041
A5_ss,7650,ENSG00000142910.16,TINAGL1,chr1,+,"30,69,63,26,66","0,2,0,1,0","41,34,15,12,44,80,32","1,0,0,5,0,2,6",489,98,0.000143427,0.007938611,"1.0,0.874,1.0,0.839,1.0","0.892,1.0,1.0,0.325,1.0,0.889,0.517",0.139
A5_ss,8102,ENSG00000196305.19,IARS1,chr9,-,"26,37,32,29,9","2,7,0,1,0","4,40,73,10,53,14,3","2,1,0,0,0,0,0",1353,98,0.000147216,0.008048168,"0.485,0.277,1.0,0.677,1.0","0.127,0.743,1.0,1.0,1.0,1.0,1.0",-0.151
A5_ss,6667,ENSG00000130779.22,CLIP1,chr12,-,"50,62,16,52,15","10,18,7,24,1","9,17,22,19,35,17,5","4,31,26,10,48,7,6",326,98,0.000148939,0.008084184,"0.6,0.509,0.407,0.394,0.818","0.403,0.142,0.203,0.364,0.18,0.422,0.2",0.272
A5_ss,15043,ENSG00000244687.13,UBE2V1,chr20,-,"10,8,24,5,6","202,191,114,276,28","3,6,0,2,12,0,4","71,249,240,102,233,178,48",287,98,0.000150019,0.008085081,"0.017,0.014,0.067,0.006,0.068","0.014,0.008,0.0,0.007,0.017,0.0,0.028",0.024
A5_ss,3142,ENSG00000229117.9,RPL41,chr12,+,"104,98,98,70,70","2,153,189,214,281,970,000","58,64,33,22,49,57,80","116,716,801,751,720,000,000,000,000",229,98,0.000153345,0.008206124,"0.02,0.022,0.029,0.015,0.037","0.021,0.016,0.008,0.013,0.014,0.015,0.029",0.008
A5_ss,1318,ENSG00000108352.13,RAPGEFL1,chr17,+,"3,7,6,9,7","19,11,17,29,4","0,0,1,6,6,3,1","10,29,22,20,11,18,30",211,98,0.000155189,0.008246701,"0.068,0.228,0.141,0.126,0.448","0.0,0.0,0.021,0.122,0.202,0.072,0.015",0.14
A5_ss,11822,ENSG00000160439.16,RDH13,chr19,-,"3,3,4,5,6","12,27,22,21,10","3,0,1,1,2,1,0","13,28,22,20,13,13,9",380,98,0.000161078,0.008500225,"0.061,0.028,0.045,0.058,0.134","0.056,0.0,0.012,0.013,0.038,0.019,0.0",0.045
A5_ss,7019,ENSG00000171824.14,EXOSC10,chr1,-,"1,4,10,0,2","23,18,14,69,21","0,0,0,2,2,1,3","19,47,47,23,57,40,17",133,98,0.000176894,0.009270471,"0.031,0.141,0.345,0.0,0.066","0.0,0.0,0.0,0.06,0.025,0.018,0.115",0.085
A5_ss,5880,ENSG00000115524.17,SF3B1,chr2,-,"38,73,27,17,16","38,53,39,58,5","6,20,17,2,35,17,13","8,49,70,6,66,47,4",1630,98,0.000180752,0.009407789,"0.057,0.076,0.04,0.017,0.161","0.043,0.024,0.014,0.02,0.031,0.021,0.163",0.025
A5_ss,5200,ENSG00000144747.17,TMF1,chr3,-,"0,2,4,4,0","17,10,3,6,2","0,0,0,0,2,0,0","2,9,12,5,18,9,3",107,98,0.000183662,0.009494227,"0.0,0.155,0.55,0.379,0.0","0.0,0.0,0.0,0.0,0.092,0.0,0.0",0.204
A5_ss,6487,ENSG00000053900.11,ANAPC4,chr4,+,"2,0,1,1,0","11,3,4,16,2","1,3,0,0,5,4,6","4,9,25,1,14,4,6",101,98,0.000187202,0.00961181,"0.15,0.0,0.195,0.057,0.0","0.195,0.244,0.0,0.0,0.257,0.492,0.492",-0.16
A5_ss,5299,ENSG00000198218.12,QRICH1,chr3,-,"13,14,22,9,2","35,51,29,77,7","5,4,4,0,6,12,7","19,56,57,34,57,44,18",319,98,0.000195174,0.009953883,"0.102,0.078,0.189,0.035,0.081","0.075,0.021,0.021,0.0,0.031,0.077,0.107",0.05
A5_ss,1460,ENSG00000187838.17,PLSCR3,chr17,-,"11,24,33,28,24","0,0,0,1,1","31,33,12,32,47,30,31","2,0,3,0,1,6,1",421,98,0.000201998,0.010233199,"1.0,1.0,1.0,0.867,0.848","0.783,1.0,0.482,1.0,0.916,0.538,0.878",0.143
A5_ss,14010,ENSG00000204564.12,C6orf136,chr6,+,"16,6,7,18,8","137,98,135,200,65","6,9,8,8,4,4,4","81,196,184,136,141,100,000",116,98,0.000205598,0.01034664,"0.09,0.049,0.042,0.071,0.094","0.059,0.037,0.035,0.047,0.023,0.019,0.019",0.035
A5_ss,12362,ENSG00000146282.19,RARS2,chr6,-,"14,5,16,16,8","1,0,1,2,0","5,19,29,2,24,6,2","1,4,0,0,6,2,4",319,98,0.000224551,0.011226053,"0.811,1.0,0.831,0.711,1.0","0.606,0.593,1.0,1.0,0.551,0.48,0.133",0.247
A5_ss,3143,ENSG00000229117.9,RPL41,chr12,+,"100,85,80,56,65","2,0,0,0,4","56,58,30,20,47,57,74","4,2,0,0,5,10,0",199,98,0.000236549,0.011748605,"0.961,1.0,1.0,1.0,0.889","0.873,0.935,1.0,1.0,0.822,0.737,1.0",0.06
A5_ss,3394,ENSG00000215039.10,CD27-AS1,chr12,-,"4,5,1,7,4","0,0,1,1,1","7,12,3,3,8,0,7","0,4,2,0,4,3,3",121,98,0.000241611,0.011922069,"1.0,1.0,0.447,0.85,0.764","1.0,0.708,0.549,1.0,0.618,0.0,0.654",0.165
A5_ss,14340,ENSG00000176261.16,ZBTB8OS,chr1,-,"6,8,9,12,4","1,2,0,1,0","9,20,5,6,15,18,3","0,9,0,3,6,1,7",164,98,0.000255563,0.012529165,"0.782,0.705,1.0,0.878,1.0","1.0,0.57,1.0,0.544,0.599,0.915,0.204",0.183
A5_ss,815,ENSG00000011243.19,AKAP8L,chr19,-,"1,7,5,4,0","22,19,17,11,3","0,4,2,0,0,0,0","2,11,5,4,4,6,4",103,98,0.000262828,0.012802776,"0.041,0.26,0.219,0.257,0.0","0.0,0.257,0.276,0.0,0.0,0.0,0.0",0.079
A5_ss,3435,ENSG00000304309.1,ENSG00000304309,chr12,-,"0,2,11,3,2","3,2,23,25,2","3,3,0,2,1,0,0","13,9,9,22,15,36,26",178,98,0.000272138,0.013171815,"0.0,0.355,0.208,0.062,0.355","0.113,0.155,0.0,0.048,0.035,0.0,0.0",0.146
A5_ss,764,ENSG00000261824.9,LINC00662,chr19,-,"1,0,0,1,0","19,12,18,36,5","1,2,6,1,8,0,2","4,36,37,25,36,10,10",175,98,0.000277834,0.013362395,"0.029,0.0,0.0,0.015,0.0","0.123,0.03,0.083,0.022,0.111,0.0,0.101",-0.058
A5_ss,14751,ENSG00000119321.10,FKBP15,chr9,-,"1,5,2,2,0","14,11,7,13,1","0,0,0,0,0,0,0","4,28,24,11,7,16,11",108,98,0.000280183,0.013390656,"0.061,0.292,0.206,0.122,0.0","0.0,0.0,0.0,0.0,0.0,0.0,0.0",0.136
A5_ss,10066,ENSG00000102317.18,RBM3,chrX,+,"18,41,32,17,10","43,17,37,393,7","10,19,13,2,18,42,18","46,126,217,99,24,85,36",514,98,0.000291785,0.013857955,"0.074,0.315,0.142,0.008,0.214","0.04,0.028,0.011,0.004,0.125,0.086,0.087",0.096
A5_ss,13972,ENSG00000175606.11,TMEM70,chr8,+,"2,4,11,3,0","73,52,53,78,11","3,11,23,4,24,8,0","33,81,84,28,70,47,22",112,98,0.00030606,0.014445637,"0.023,0.063,0.154,0.033,0.0","0.074,0.106,0.193,0.111,0.231,0.13,0.0",-0.066
A5_ss,2301,ENSG00000165959.12,CLMN,chr14,-,"10,22,26,9,7","3,7,20,22,15","4,1,0,1,4,13,5","13,13,7,2,11,16,12",419,98,0.000311318,0.014513513,"0.438,0.424,0.233,0.087,0.098","0.067,0.018,0.0,0.105,0.078,0.16,0.089",0.182
A5_ss,11924,ENSG00000177239.16,MAN1B1,chr9,+,"110,45,73,16,24","111,44,65,137,26","10,24,67,10,30,14,28","45,83,68,44,78,58,49",4342,98,0.000310198,0.014513513,"0.022,0.023,0.025,0.003,0.02","0.005,0.006,0.022,0.005,0.009,0.005,0.013",0.009
A5_ss,2567,ENSG00000100823.12,APEX1,chr14,+,"200,173,118,318,27","2,19,11,23,2","92,210,227,92,248,167,63","4,7,6,0,7,3,7",164,98,0.000315851,0.01463509,"0.984,0.845,0.865,0.892,0.89","0.932,0.947,0.958,1.0,0.955,0.971,0.843",-0.049
A5_ss,3919,ENSG00000149131.17,SERPING1,chr11,+,"237,229,285,224,206","2,6,4,0,5","126,104,114,73,111,241,160","2,0,0,0,0,2,1",432,98,0.000321424,0.014803057,"0.964,0.896,0.942,1.0,0.903","0.935,1.0,1.0,1.0,1.0,0.965,0.973",-0.041
A5_ss,3196,ENSG00000108773.11,KAT2A,chr17,-,"59,75,57,15,24","57,58,27,63,9","7,10,8,4,20,20,33","10,39,75,21,67,36,15",289,98,0.000334784,0.015325432,"0.26,0.305,0.417,0.075,0.475","0.192,0.08,0.035,0.061,0.092,0.159,0.427",0.157
A5_ss,1068,ENSG00000181396.13,OGFOD3,chr17,-,"11,4,13,31,21","2,0,0,1,1","10,16,16,7,12,24,16","0,2,3,0,8,2,0",106,98,0.000342079,0.01556563,"0.836,1.0,1.0,0.966,0.951","1.0,0.881,0.831,1.0,0.581,0.917,1.0",0.063
A5_ss,1269,ENSG00000073670.14,ADAM11,chr17,+,"64,47,70,116,24","0,0,2,10,1","15,91,82,18,83,67,25","0,10,6,8,7,9,3",102,98,0.000354311,0.015954311,"1.0,1.0,0.971,0.918,0.958","1.0,0.897,0.929,0.684,0.919,0.877,0.889",0.084
A5_ss,5105,ENSG00000128805.15,ARHGAP22,chr10,-,"19,15,24,33,5","1,6,2,2,0","12,21,18,12,48,36,28","2,1,0,0,2,0,0",150,98,0.00035482,0.015954311,"0.925,0.62,0.887,0.915,1.0","0.797,0.932,1.0,1.0,0.94,1.0,1.0",-0.083
A5_ss,4608,ENSG00000182899.17,RPL35A,chr3,+,"43,59,29,60,14","396,428,316,388,198","71,62,44,64,54,72,70","314,410,340,274,377,000,000",176,98,0.000360319,0.016106258,"0.057,0.071,0.049,0.079,0.038","0.112,0.078,0.067,0.115,0.074,0.082,0.089",-0.029
A5_ss,13002,ENSG00000183696.14,UPP1,chr7,+,"32,12,35,11,31","3,0,4,1,2","8,9,5,10,8,16,19","0,1,0,2,0,0,0",210,98,0.000362733,0.016119331,"0.833,1.0,0.803,0.837,0.879","1.0,0.808,1.0,0.7,1.0,1.0,1.0",-0.059
A5_ss,1533,ENSG00000167508.12,MVD,chr16,-,"4,7,22,5,0","91,58,92,177,64","4,0,1,0,1,4,6","60,115,69,66,68,96,63",278,98,0.000371504,0.016356038,"0.015,0.041,0.078,0.01,0.0","0.023,0.0,0.005,0.0,0.005,0.014,0.032",0.018
A5_ss,6502,ENSG00000173171.15,MTX1,chr1,+,"160,161,205,279,102","15,9,5,1,1","157,241,206,201,224,000,000","0,2,0,4,4,1,1",1690,98,0.000372364,0.016356038,"0.382,0.509,0.704,0.942,0.855","1.0,0.875,1.0,0.745,0.765,0.939,0.932",-0.215
A5_ss,13290,ENSG00000172965.18,MIR4435-2HG,chr2,-,"19,12,10,96,17","1,1,1,1,0","9,86,62,16,50,33,8","0,2,4,0,2,2,0",2024,98,0.000377064,0.016467297,"0.479,0.368,0.326,0.823,1.0","1.0,0.676,0.429,1.0,0.548,0.444,1.0",-0.129
A5_ss,12625,ENSG00000120265.21,PCMT1,chr6,+,"884,615,607,1277,88","177,137,123,239,29","31,911,651,232,427,800,000,000","53,167,153,58,144,83,70",145,98,0.000387697,0.016834905,"0.771,0.752,0.769,0.783,0.672","0.803,0.825,0.845,0.833,0.793,0.818,0.784",-0.065
A5_ss,4509,ENSG00000161835.11,TAMALIN,chr12,+,"6,16,1,7,10","140,153,117,183,87","6,5,6,3,3,3,2","107,239,179,185,132,000,000",164,98,0.000410525,0.017716101,"0.025,0.059,0.005,0.022,0.064","0.032,0.012,0.02,0.01,0.013,0.012,0.01",0.019
A5_ss,9427,ENSG00000196756.16,SNHG17,chr20,-,"27,17,27,15,6","0,0,0,2,0","4,8,18,5,7,0,22","0,0,0,19,0,23,0",1037,98,0.000412653,0.017716101,"1.0,1.0,1.0,0.415,1.0","1.0,1.0,1.0,0.024,1.0,0.0,1.0",0.165
A5_ss,5296,ENSG00000172046.21,USP19,chr3,-,"8,12,5,10,1","36,26,9,42,3","2,9,6,1,2,1,0","10,28,51,4,50,33,9",104,98,0.000423945,0.018008458,"0.173,0.303,0.344,0.183,0.239","0.159,0.232,0.1,0.191,0.036,0.028,0.0",0.142
A5_ss,5954,ENSG00000170581.15,STAT2,chr12,-,"0,3,4,2,4","20,18,18,36,2","0,0,1,0,0,0,0","8,27,28,3,26,13,8",145,98,0.00042608,0.018008458,"0.0,0.101,0.131,0.036,0.575","0.0,0.0,0.024,0.0,0.0,0.0,0.0",0.165
A5_ss,6302,ENSG00000164039.15,BDH2,chr4,-,"126,125,143,186,58","3,0,1,1,5","133,103,78,99,110,185,186","0,1,0,0,3,0,3",1229,98,0.000426572,0.018008458,"0.77,1.0,0.919,0.937,0.481","1.0,0.891,1.0,1.0,0.745,1.0,0.832",-0.103
A5_ss,14099,ENSG00000253710.5,ALG11,chr13,+,"6,2,2,2,0","5,11,4,4,7","2,0,0,0,4,1,0","7,3,8,2,17,6,3",210,98,0.000442393,0.018471131,"0.359,0.078,0.189,0.189,0.0","0.118,0.0,0.0,0.0,0.099,0.072,0.0",0.122
A5_ss,15230,ENSG00000166197.17,NOLC1,chr10,+,"14,3,7,11,0","47,49,24,99,16","1,4,5,0,8,0,1","13,66,80,17,122,18,15",128,98,0.00044051,0.018471131,"0.186,0.045,0.183,0.078,0.0","0.056,0.044,0.046,0.0,0.048,0.0,0.049",0.064
A5_ss,2112,ENSG00000140416.26,TPM1,chr15,+,"14,32,20,18,16","26,20,6,12,30","9,15,17,4,10,10,0","38,7,16,17,18,19,19",938,98,0.000447786,0.018493077,"0.053,0.143,0.258,0.135,0.053","0.024,0.183,0.1,0.024,0.055,0.052,0.0",0.066
A5_ss,5376,ENSG00000182901.18,RGS7,chr1,-,"178,110,136,290,6","0,5,5,0,0","53,282,250,185,142,153,56","0,0,0,0,0,2,0",1196,98,0.000446672,0.018493077,"1.0,0.643,0.69,1.0,1.0","1.0,1.0,1.0,1.0,1.0,0.862,1.0",-0.114
A5_ss,11683,ENSG00000048140.18,TSPAN17,chr5,+,"113,161,69,91,40","4,9,3,0,0","28,75,97,16,74,34,41","1,0,0,0,5,0,0",2205,98,0.000473198,0.019436916,"0.557,0.443,0.505,1.0,1.0","0.554,1.0,1.0,1.0,0.397,1.0,1.0",-0.149
A5_ss,8057,ENSG00000084623.12,EIF3I,chr1,+,"119,98,102,156,39","3,0,0,8,0","50,115,107,79,119,113,44","7,3,10,1,1,12,3",135,98,0.000486415,0.019872394,"0.966,1.0,1.0,0.934,1.0","0.838,0.965,0.886,0.983,0.989,0.872,0.914",0.059
A5_ss,3191,ENSG00000257337.10,TNS2-AS1,chr12,-,"6,1,1,0,4","85,52,93,58,104","10,2,2,2,5,4,4","56,27,16,36,44,71,47",104,98,0.000492117,0.019997852,"0.062,0.018,0.01,0.0,0.035","0.144,0.065,0.105,0.05,0.097,0.05,0.074",-0.059
A5_ss,9601,ENSG00000141562.19,NARF,chr17,+,"5,8,3,6,3","31,63,38,68,12","0,1,4,0,2,0,0","13,76,84,27,108,46,19",349,98,0.000511578,0.020678088,"0.043,0.034,0.022,0.024,0.066","0.0,0.004,0.013,0.0,0.005,0.0,0.0",0.035
A5_ss,4699,ENSG00000127415.13,IDUA,chr4,+,"2,0,4,5,0","19,4,19,10,10","2,0,0,0,1,2,0","9,25,10,16,11,24,17",102,98,0.000526104,0.021152718,"0.092,0.0,0.168,0.325,0.0","0.176,0.0,0.0,0.0,0.08,0.074,0.0",0.07
A5_ss,13268,ENSG00000187391.23,MAGI2,chr7,-,"13,23,10,10,6","0,0,1,0,1","4,4,9,1,19,3,2","2,7,2,0,2,0,0",104,98,0.00054254,0.021698748,"1.0,1.0,0.904,1.0,0.85","0.653,0.35,0.809,1.0,0.9,1.0,1.0",0.135
A5_ss,2548,ENSG00000172590.18,MRPL52,chr14,+,"20,8,16,19,13","227,138,245,280,136","7,21,6,1,14,8,14","203,282,173,237,210,000,000",105,98,0.00055969,0.022143792,"0.076,0.051,0.057,0.06,0.082","0.031,0.065,0.031,0.004,0.059,0.024,0.036",0.029
A5_ss,6977,ENSG00000310523.1,ENSG00000310523,chr2,+,"11,8,7,15,12","0,1,0,1,0","10,16,4,6,4,7,15","2,5,0,1,2,0,0",492,98,0.00056241,0.022143792,"1.0,0.614,1.0,0.749,1.0","0.499,0.389,1.0,0.544,0.285,1.0,1.0",0.199
A5_ss,13366,ENSG00000146830.11,GIGYF1,chr7,-,"79,80,92,45,31","3,0,2,1,3","54,38,66,23,147,63,97","0,1,1,0,0,1,1",808,98,0.000561947,0.022143792,"0.762,1.0,0.848,0.845,0.556","1.0,0.822,0.889,1.0,1.0,0.884,0.922",-0.129
A5_ss,1351,ENSG00000007202.16,BLTP2,chr17,-,"39,38,7,32,7","3,4,0,2,0","7,39,81,14,66,20,12","2,0,3,0,0,2,0",544,98,0.000590057,0.022994052,"0.701,0.631,1.0,0.742,1.0","0.387,1.0,0.829,1.0,1.0,0.643,1.0",-0.022
A5_ss,8176,ENSG00000138698.15,RAP1GDS1,chr4,+,"5,4,7,5,11","130,150,57,217,27","2,0,2,1,2,7,5","34,182,285,33,220,75,20",156,98,0.000588153,0.022994052,"0.024,0.016,0.072,0.014,0.204","0.036,0.0,0.004,0.019,0.006,0.055,0.136",0.029
A5_ss,5256,ENSG00000148343.19,MIGA2,chr9,+,"15,31,12,10,2","50,47,32,52,15","1,7,16,0,6,9,10","27,49,49,27,58,33,33",741,98,0.000593739,0.023019486,"0.038,0.08,0.047,0.025,0.017","0.005,0.019,0.041,0.0,0.013,0.035,0.039",0.02
A5_ss,14963,ENSG00000141279.18,NPEPPS,chr17,+,"1,1,0,2,0","68,96,38,68,9","0,2,5,0,6,9,0","11,67,125,20,129,38,6",103,98,0.000597025,0.023029387,"0.014,0.01,0.0,0.027,0.0","0.0,0.028,0.037,0.0,0.042,0.184,0.0",-0.031
A5_ss,1658,ENSG00000087263.17,OGFOD1,chr16,+,"42,34,10,59,5","0,3,2,5,0","8,18,32,7,45,33,16","0,0,0,2,0,0,0",291,98,0.000601049,0.02306754,"1.0,0.792,0.627,0.799,1.0","1.0,1.0,1.0,0.541,1.0,1.0,1.0",-0.091
A5_ss,14126,ENSG00000147687.19,TATDN1,chr8,-,"5,6,6,10,5","1,5,1,2,0","1,6,5,5,9,5,4","0,1,0,2,0,0,0",102,98,0.000644565,0.024613309,"0.828,0.536,0.852,0.828,1.0","1.0,0.852,1.0,0.706,1.0,1.0,1.0",-0.128
A5_ss,8058,ENSG00000084623.12,EIF3I,chr1,+,"625,567,538,761,246","3,0,0,8,0","398,639,578,389,499,000,000","7,3,10,1,1,12,3",345,98,0.000648019,0.02462147,"0.983,1.0,1.0,0.964,1.0","0.942,0.984,0.943,0.991,0.993,0.933,0.968",0.025
A5_ss,12928,ENSG00000163138.19,PACRGL,chr4,+,"19,23,49,54,16","0,0,0,4,0","9,58,62,9,77,47,5","1,2,0,0,3,9,2",307,98,0.000667121,0.025221166,"1.0,1.0,1.0,0.812,1.0","0.742,0.903,1.0,1.0,0.891,0.625,0.444",0.162
A5_ss,12308,ENSG00000169660.17,HEXD,chr17,+,"13,15,28,5,17","17,15,22,35,15","2,5,3,4,19,11,11","24,29,10,11,31,18,28",719,98,0.000680686,0.025606588,"0.094,0.12,0.148,0.019,0.134","0.011,0.023,0.039,0.047,0.077,0.077,0.051",0.057
A5_ss,3239,ENSG00000125375.18,DMAC2L,chr14,+,"20,12,5,31,14","7,0,4,3,2","10,24,25,6,25,8,12","5,0,0,0,1,1,0",769,98,0.000702653,0.026173812,"0.267,1.0,0.137,0.568,0.471","0.203,1.0,1.0,1.0,0.761,0.505,1.0",-0.293
A5_ss,8099,ENSG00000172508.11,CARNS1,chr11,+,"132,91,246,199,105","0,0,3,0,1","146,189,84,37,379,317,163","3,0,0,3,10,2,0",1573,98,0.000700648,0.026173812,"1.0,1.0,0.836,1.0,0.867","0.752,1.0,1.0,0.435,0.702,0.908,1.0",0.112
A5_ss,13136,ENSG00000106077.19,ABHD11,chr7,-,"41,34,27,104,40","0,1,2,2,0","36,58,75,50,24,60,52","6,3,0,0,6,2,3",439,98,0.000712414,0.026407973,"1.0,0.884,0.751,0.921,1.0","0.573,0.812,1.0,1.0,0.472,0.87,0.795",0.122
A5_ss,9441,ENSG00000196756.16,SNHG17,chr20,-,"17,12,12,11,3","0,0,0,2,0","3,8,8,3,9,0,10","0,0,0,19,0,23,0",293,98,0.00071598,0.026411315,"1.0,1.0,1.0,0.648,1.0","1.0,1.0,1.0,0.05,1.0,0.0,1.0",0.208
A5_ss,12034,ENSG00000204310.13,AGPAT1,chr6,-,"6,9,4,7,6","0,0,2,1,1","1,7,4,1,10,1,3","2,1,2,3,0,1,2",145,98,0.000720635,0.02645461,"1.0,1.0,0.575,0.826,0.802","0.253,0.826,0.575,0.184,1.0,0.403,0.503",0.306
A5_ss,1814,ENSG00000166783.22,MARF1,chr16,-,"95,56,66,78,20","0,0,0,0,0","23,106,179,29,260,49,33","2,3,2,0,4,0,1",997,98,0.000747184,0.02729735,"1.0,1.0,1.0,1.0,1.0","0.531,0.776,0.898,1.0,0.865,1.0,0.764",0.167
A5_ss,9440,ENSG00000196756.16,SNHG17,chr20,-,"27,20,25,17,8","0,0,0,2,0","5,13,18,6,12,3,14","0,0,0,19,0,23,0",297,98,0.00081823,0.029749917,"1.0,1.0,1.0,0.737,1.0","1.0,1.0,1.0,0.094,1.0,0.041,1.0",0.214
A5_ss,7881,ENSG00000277258.5,PCGF2,chr17,-,"1,3,3,1,0","77,102,75,112,49","4,8,1,4,2,3,6","56,72,63,66,57,88,91",102,98,0.00082476,0.029844513,"0.012,0.027,0.037,0.009,0.0","0.064,0.096,0.015,0.055,0.033,0.032,0.06",-0.034
A5_ss,172,ENSG00000079974.19,RABL2B,chr22,-,"1,2,1,2,0","6,3,3,17,1","4,11,4,0,7,1,1","1,6,7,2,1,3,4",128,98,0.000869908,0.031274841,"0.113,0.338,0.203,0.083,0.0","0.754,0.584,0.304,0.0,0.843,0.203,0.161",-0.26
A5_ss,3982,ENSG00000110436.13,SLC1A2,chr11,-,"3,3,0,11,0","1,7,3,10,2","7,2,14,5,2,8,8","4,2,7,0,0,4,0",126,98,0.000872518,0.031274841,"0.7,0.25,0.0,0.461,0.0","0.576,0.438,0.609,1.0,1.0,0.609,1.0",-0.465
A5_ss,9438,ENSG00000196756.16,SNHG17,chr20,-,"25,32,28,19,6","0,0,0,2,0","8,11,9,7,10,5,23","0,0,0,19,0,23,0",302,98,0.000877377,0.031301367,"1.0,1.0,1.0,0.755,1.0","1.0,1.0,1.0,0.107,1.0,0.066,1.0",0.212
A5_ss,5974,ENSG00000187231.14,SESTD1,chr2,-,"1,10,4,0,0","24,17,34,41,8","0,0,0,0,3,0,0","14,55,45,20,60,38,20",192,98,0.000889075,0.031423631,"0.021,0.231,0.057,0.0,0.0","0.0,0.0,0.0,0.0,0.025,0.0,0.0",0.058
A5_ss,11202,ENSG00000139624.14,CERS5,chr12,-,"6,2,13,4,0","35,26,22,14,2","1,2,4,2,0,1,1","17,20,29,9,23,6,11",244,98,0.000889013,0.031423631,"0.064,0.03,0.192,0.103,0.0","0.023,0.039,0.052,0.082,0.0,0.063,0.035",0.036
A5_ss,13307,ENSG00000105854.13,PON2,chr7,-,"43,55,22,47,16","105,225,67,103,37","54,45,36,31,23,85,44","69,50,96,41,78,200,40",168,98,0.000902036,0.031734144,"0.193,0.125,0.161,0.21,0.201","0.313,0.344,0.179,0.306,0.147,0.199,0.391",-0.09
A5_ss,10522,ENSG00000293616.2,PCBP1-AS1,chr2,-,"0,4,0,1,1","16,10,3,7,1","4,3,0,3,1,9,4","4,5,10,7,6,4,5",167,98,0.000964875,0.033788401,"0.0,0.19,0.0,0.077,0.37","0.37,0.26,0.0,0.201,0.089,0.569,0.319",-0.131
A5_ss,1847,ENSG00000067836.13,ROGDI,chr16,-,"13,23,18,6,19","357,221,184,421,194","5,9,1,2,19,3,16","238,337,237,262,235,000,000",315,98,0.000976189,0.034027815,"0.011,0.031,0.03,0.004,0.03","0.006,0.008,0.001,0.002,0.025,0.003,0.02",0.012
A5_ss,2528,ENSG00000186648.15,CARMIL3,chr14,+,"13,11,8,9,6","0,1,1,9,0","4,9,9,5,9,5,15","0,1,1,0,0,2,0",575,98,0.000995394,0.034538792,"1.0,0.652,0.577,0.146,1.0","1.0,0.605,0.605,1.0,1.0,0.299,1.0",-0.112
A5_ss,13373,ENSG00000106397.12,PLOD3,chr7,-,"2,22,7,6,1","48,60,39,22,38","0,1,0,0,9,3,2","22,32,22,19,42,32,21",148,98,0.001004937,0.034711445,"0.027,0.195,0.106,0.153,0.017","0.0,0.02,0.0,0.0,0.124,0.058,0.059",0.062
A5_ss,1963,ENSG00000122390.19,NAA60,chr16,+,"9,6,6,19,17","68,78,79,110,97","8,16,25,10,8,23,18","61,41,47,50,64,70,93",120,98,0.001010735,0.034753722,"0.098,0.059,0.058,0.124,0.125","0.097,0.242,0.303,0.14,0.093,0.212,0.136",-0.082
A5_ss,3058,ENSG00000257815.10,PRANCR,chr12,-,"17,29,31,41,8","3,0,1,2,2","11,10,19,19,50,7,10","2,4,8,2,8,2,4",344,98,0.001017494,0.034828553,"0.617,1.0,0.898,0.854,0.533","0.61,0.416,0.404,0.73,0.64,0.499,0.416",0.25
A5_ss,3115,ENSG00000135506.17,OS9,chr12,+,"488,483,347,381,187","163,92,126,173,39","187,330,255,200,238,000,000","93,145,135,124,81,115,91",1179,98,0.001035458,0.035284493,"0.199,0.304,0.186,0.155,0.285","0.143,0.159,0.136,0.118,0.196,0.197,0.187",0.064
A5_ss,12155,ENSG00000108384.16,RAD51C,chr17,+,"142,56,90,189,15","0,1,1,1,0","41,138,249,76,223,103,46","0,2,1,0,5,6,0",1277,98,0.001050624,0.03564147,"1.0,0.811,0.874,0.936,1.0","1.0,0.841,0.95,1.0,0.774,0.568,1.0",0.048
A5_ss,932,ENSG00000065268.11,WDR18,chr19,+,"7,11,9,0,3","57,35,66,152,21","2,1,0,0,4,0,5","54,45,42,55,42,54,53",306,98,0.001078931,0.036439087,"0.038,0.091,0.042,0.0,0.044","0.012,0.007,0.0,0.0,0.03,0.0,0.029",0.032
A5_ss,1046,ENSG00000178127.13,NDUFV2,chr18,+,"71,75,50,49,35","6,735,927,331,001,420","34,46,32,66,27,64,47","639,840,552,947,539,000,000",111,98,0.001121015,0.03769289,"0.085,0.101,0.057,0.041,0.068","0.045,0.046,0.049,0.058,0.042,0.056,0.046",0.022
A5_ss,4701,ENSG00000180773.15,SLC36A4,chr11,-,"11,15,29,36,4","2,2,0,1,0","8,24,37,9,51,25,9","0,4,0,1,15,1,1",127,98,0.00116644,0.039047491,"0.809,0.853,1.0,0.965,1.0","1.0,0.822,1.0,0.874,0.724,0.951,0.874",0.033
A5_ss,7570,ENSG00000163374.21,YY1AP1,chr1,-,"0,2,9,5,0","27,29,34,63,16","0,1,1,1,3,0,2","14,52,62,17,42,51,10",137,98,0.001193865,0.039790268,"0.0,0.047,0.159,0.054,0.0","0.0,0.014,0.011,0.04,0.049,0.0,0.125",0.018
A5_ss,10057,ENSG00000197448.14,GSTK1,chr7,+,"124,114,155,134,109","10,18,4,3,9","104,147,81,124,134,172,120","2,7,5,0,2,6,4",302,98,0.001205567,0.040004826,"0.801,0.673,0.926,0.935,0.797","0.944,0.872,0.84,1.0,0.956,0.903,0.907",-0.091
A5_ss,3860,ENSG00000162236.13,STX5,chr11,-,"2,0,4,3,0","115,98,102,118,69","2,6,3,0,2,2,11","44,102,88,43,71,63,57",109,98,0.001213366,0.040088558,"0.015,0.0,0.034,0.022,0.0","0.039,0.05,0.03,0.0,0.025,0.028,0.148",-0.032
A5_ss,5596,ENSG00000142330.20,CAPN10,chr2,+,"33,32,36,42,15","3,4,1,2,3","15,34,21,18,26,34,30","0,3,0,0,0,3,0",109,98,0.00123854,0.04074313,"0.908,0.878,0.97,0.95,0.818","1.0,0.911,1.0,1.0,1.0,0.911,1.0",-0.07
A5_ss,598,ENSG00000062822.16,POLD1,chr19,+,"19,3,15,15,5","0,0,6,3,0","3,10,4,4,13,5,10","0,0,0,0,0,0,0",170,98,0.001273468,0.041379624,"1.0,1.0,0.59,0.742,1.0","1.0,1.0,1.0,1.0,1.0,1.0,1.0",-0.134
A5_ss,2236,ENSG00000224078.16,SNHG14,chr15,+,"27,34,35,37,16","9,10,3,15,4","15,45,56,2,20,38,11","1,23,12,11,30,21,17",2967,98,0.001271776,0.041379624,"0.09,0.101,0.278,0.075,0.117","0.331,0.061,0.134,0.006,0.022,0.056,0.021",0.042
A5_ss,5143,ENSG00000290374.2,FAM86EP,chr4,-,"10,6,3,8,2","1,0,0,4,0","0,4,5,1,8,6,2","2,1,1,0,1,4,0",446,98,0.001274224,0.041379624,"0.687,1.0,1.0,0.305,1.0","0.0,0.468,0.524,1.0,0.637,0.248,1.0",0.245
A5_ss,8898,ENSG00000228436.5,RRAGC-DT,chr1,+,"0,1,0,3,1","5,1,3,4,7","0,1,1,4,4,3,4","3,3,2,1,2,2,2",264,98,0.001328699,0.042824967,"0.0,0.271,0.0,0.218,0.05","0.0,0.11,0.157,0.598,0.426,0.358,0.426",-0.189
A5_ss,11207,ENSG00000089157.16,RPLP0,chr12,-,"32,38,29,21,14","694,979,533,837,533","9,17,9,12,26,9,16","615,564,601,383,713,000,000",109,98,0.001330003,0.042824967,"0.04,0.034,0.047,0.022,0.023","0.013,0.026,0.013,0.027,0.032,0.01,0.033",0.011
A5_ss,4068,ENSG00000110321.19,EIF4G2,chr11,-,"661,678,254,715,84","10,31,16,24,4","1,807,689,312,071,010,000,000","4,18,21,10,2,17,0",486,98,0.001341636,0.043017271,"0.93,0.815,0.762,0.857,0.809","0.901,0.896,0.899,0.807,0.99,0.86,1.0",-0.073
A5_ss,700,ENSG00000178982.10,EIF3K,chr19,+,"514,444,468,887,173","27,21,29,68,5","515,780,674,505,714,000,000","23,36,32,18,18,30,16",108,98,0.001350837,0.04313029,"0.945,0.95,0.936,0.922,0.969","0.953,0.952,0.95,0.962,0.973,0.955,0.97",-0.015
A5_ss,6643,ENSG00000180228.14,PRKRA,chr2,-,"6,8,3,0,3","47,74,46,131,4","0,0,4,0,2,4,0","17,82,124,32,98,58,25",147,98,0.001369577,0.043545681,"0.078,0.067,0.042,0.0,0.333","0.0,0.0,0.021,0.0,0.013,0.044,0.0",0.093
A5_ss,12784,ENSG00000239382.11,ALKBH6,chr19,-,"100,55,66,199,51","2,1,2,0,0","72,174,113,150,87,129,116","4,1,0,6,6,4,0",421,98,0.001376453,0.04358194,"0.921,0.928,0.885,1.0,1.0","0.807,0.976,1.0,0.853,0.771,0.882,1.0",0.048
A5_ss,7033,ENSG00000234456.11,MAGI2-AS3,chr7,+,"60,81,34,10,30","37,15,10,8,5","8,10,52,0,48,6,51","10,17,12,9,26,12,22",3821,98,0.001391977,0.043890587,"0.04,0.122,0.08,0.031,0.133","0.02,0.015,0.1,0.0,0.045,0.013,0.056",0.046
A5_ss,930,ENSG00000099817.12,POLR2E,chr19,-,"641,641,657,942,207","9,14,13,15,3","600,700,635,483,671,000,000","18,27,8,17,27,18,14",1453,98,0.001404922,0.043934178,"0.828,0.755,0.773,0.809,0.823","0.692,0.636,0.843,0.657,0.626,0.666,0.705",0.108
A5_ss,1541,ENSG00000166451.14,CENPN,chr16,+,"2,1,2,4,3","5,5,18,15,9","0,0,0,0,0,2,2","2,11,20,4,12,9,4",308,98,0.001400151,0.043934178,"0.113,0.06,0.034,0.078,0.096","0.0,0.0,0.0,0.0,0.0,0.066,0.137",0.047
A5_ss,8557,ENSG00000178149.17,DALRD3,chr3,-,"86,66,77,126,112","9,6,12,5,8","48,107,62,82,62,108,99","7,18,6,13,11,15,22",113,98,0.001424143,0.044352716,"0.892,0.905,0.848,0.956,0.924","0.856,0.838,0.9,0.845,0.83,0.862,0.796",0.058
A5_ss,9706,ENSG00000117335.21,CD46,chr1,+,"56,95,83,53,45","0,0,1,10,2","12,86,69,8,64,54,17","0,2,0,0,2,2,0",2637,98,0.001432181,0.044420987,"1.0,1.0,0.755,0.165,0.455","1.0,0.615,1.0,1.0,0.543,0.501,1.0",-0.133
A5_ss,340,ENSG00000183597.16,TANGO2,chr22,+,"3,7,3,4,0","36,19,24,52,15","1,1,2,1,3,3,1","24,77,58,33,68,56,29",121,98,0.001445396,0.044648629,"0.063,0.23,0.092,0.059,0.0","0.033,0.01,0.027,0.024,0.034,0.042,0.027",0.061
A5_ss,4525,ENSG00000155906.20,RMND1,chr6,-,"4,6,2,0,0","34,17,15,44,4","2,0,0,0,0,0,0","5,32,39,17,30,9,9",124,98,0.001454449,0.0446784,"0.085,0.218,0.095,0.0,0.0","0.24,0.0,0.0,0.0,0.0,0.0,0.0",0.045
A5_ss,5055,ENSG00000262223.11,LINC03048,chr17,-,"8,14,21,16,9","1,2,0,3,2","3,5,10,0,13,16,9","0,0,0,1,2,0,0",281,98,0.001458119,0.0446784,"0.736,0.709,1.0,0.65,0.611","1.0,1.0,1.0,0.0,0.694,1.0,1.0",-0.072
A5_ss,13682,ENSG00000147548.17,NSD3,chr8,-,"18,10,11,1,8","3,0,1,9,1","2,5,3,0,6,2,2","0,5,25,1,10,4,1",131,98,0.001494856,0.045620109,"0.818,1.0,0.892,0.077,0.857","1.0,0.428,0.082,0.0,0.31,0.272,0.599",0.344
A5_ss,701,ENSG00000188766.13,SPRED3,chr19,+,"19,5,13,23,4","0,0,0,0,0","5,15,19,14,4,6,8","2,1,0,0,2,0,6",191,98,0.001507549,0.045823456,"1.0,1.0,1.0,1.0,1.0","0.562,0.885,1.0,1.0,0.506,1.0,0.406",0.234
A5_ss,1457,ENSG00000239697.12,TNFSF12,chr17,+,"13,20,13,7,18","256,164,146,203,211","13,5,6,5,3,4,15","207,121,148,171,146,000,000",195,98,0.001546199,0.04681102,"0.025,0.058,0.043,0.017,0.041","0.031,0.02,0.02,0.014,0.01,0.01,0.03",0.018
A5_ss,2334,ENSG00000132002.10,DNAJB1,chr19,-,"9,24,8,22,16","0,1,1,4,0","12,13,6,10,6,12,12","1,5,4,0,4,3,4",427,98,0.001613083,0.048642126,"1.0,0.846,0.647,0.558,1.0","0.734,0.374,0.256,1.0,0.256,0.479,0.408",0.309
A5_ss,1471,ENSG00000258315.5,C17orf49,chr17,+,"369,236,371,565,215","1,2,1,2,4","471,456,336,444,334,000,000","3,3,3,5,5,15,8",258,98,0.001626219,0.048844422,"0.993,0.978,0.993,0.991,0.953","0.984,0.983,0.977,0.971,0.962,0.93,0.967",0.014
A5_ss,7747,ENSG00000182173.14,TSEN54,chr17,+,"15,19,25,7,7","11,2,1,6,6","4,8,0,0,9,8,7","10,19,4,1,4,6,9",300,98,0.001642171,0.04912936,"0.308,0.756,0.891,0.276,0.276","0.116,0.121,0.0,0.0,0.424,0.303,0.203",0.335
